"","dose_0.1_1","dose_1_1","dose_10_1","VEHICLE_0_1","VEHICLE_0_10","VEHICLE_0_11","VEHICLE_0_12","VEHICLE_0_13","VEHICLE_0_14","VEHICLE_0_15","VEHICLE_0_16","VEHICLE_0_17","VEHICLE_0_19","VEHICLE_0_2","VEHICLE_0_20","VEHICLE_0_21","VEHICLE_0_22","VEHICLE_0_23","VEHICLE_0_24","VEHICLE_0_3","VEHICLE_0_4","VEHICLE_0_5","VEHICLE_0_6","VEHICLE_0_7","VEHICLE_0_8","VEHICLE_0_9","p_rho","s_rho","p_rho_pval","s_rho_pval","Wilcoxon_pval","spear_trt_pval","mcc_pval_all","mcc_pval_trt","treatment","probe","gene","p_rho_qval","s_rho_qval","Wilcoxon_qval","spear_trt_qval","mcc_qval_all","mcc_qval_trt","id"
"1",32.3736487395884,30.277244844344,48.2988028767554,20.8590757174881,30.8942070470657,39.4491180592893,13.6136462354756,17.0106900374527,28.9298846494544,18.1278503306246,28.2935813118319,31.9528975455563,26.3808096170446,20.6046789001808,31.2770933557044,27.4766329702903,22.7916900563806,17.3916814763895,16.4908739607938,13.6298852092369,31.8757235244381,40.6954255433943,27.4676049625517,32.5600822308041,30.9930407281121,25.7515353591219,0.496865708717014,0.381298694494357,0.0098176858451317,0.0546113798827837,0.0638461538461538,1,0.0105408081113379,0.401170835067093,"Dofetilide","ACAT2_56","ACAT2",0.0713835723799416,0.199730998569299,0.222790116193558,1,0.0791089819736194,0.837427395502237,"Dofetilide/ACAT2_56"
"2",8.55152985574033,20.6771428205276,13.4163341324321,9.27070031888361,8.13005448606993,12.7943085597695,6.35303490988861,9.27855820224695,10.8487067435454,9.81925226242164,6.92904032126494,10.4461395822011,5.70395883611775,6.18140367005423,7.81927333892609,10.0934570094944,12.4986687405958,6.52188055364605,12.3681554705954,10.2224139069277,4.0866312210818,4.93277885374476,6.10391221390039,7.23557382906758,8.85515449374633,6.64555751203146,0.581896434551843,0.391154557356892,0.00181854011210195,0.0481608301712827,0.0638461538461538,1,0.0106269377780879,0.738981905448779,"Dofetilide","ANKRD20A13P_283","ANKRD20A13P",0.0196380810922252,0.184263134303126,0.222790116193558,1,0.0791089819736194,0.927182543309405,"Dofetilide/ANKRD20A13P_283"
"3",1225.31206361536,1637.92509914037,1534.1578080436,1479.8355384018,1322.75986488358,1298.6223188166,1469.36621701567,1427.35153677899,1238.56068655476,1055.94728175888,802.036417186417,1020.03480626199,1575.00563362301,1386.69488998217,1312.0740662718,1281.30829259415,1255.74860052574,1082.63217190524,1294.53360592231,1172.17012799438,989.782081746013,1214.69679273465,1050.89021949318,1164.92738647988,1184.81967126326,1424.64139164174,0.431283616003467,0.344339208759847,0.0278198571388426,0.0849663001550609,0.113076923076923,1,0.0271818042949609,0.48876455392851,"Dofetilide","ARHGEF12_420","ARHGEF12",0.147590811855778,0.261489878217515,0.314581378986867,1,0.14075411650019,0.873648688461833,"Dofetilide/ARHGEF12_420"
"4",66.5797681625497,35.4465305494759,35.5532854509449,47.5123391342785,69.9184685802014,42.6476951992316,56.2697377732991,60.3106283146052,46.1070036600679,69.4900929340609,91.2323642299884,88.4849470492329,73.438470015016,53.57216514047,81.8417276140931,82.9906465225096,51.4651065789239,58.6969249828145,53.5953403725799,40.8896556277108,117.694979167156,82.6240458002247,100.714551529356,73.5616672621871,78.8108749943423,80.5773848333814,-0.426370505743841,-0.405938351650696,0.0298528744563741,0.0396246235262532,0.0515384615384615,1,0.0267972808466395,0.335227064128733,"Dofetilide","ARHGEF2_423","ARHGEF2",0.153180780238204,0.161417272177259,0.19554613785383,1,0.140277950758276,0.834779224857081,"Dofetilide/ARHGEF2_423"
"5",55.5849440623121,77.5392855769786,93.9143389270244,97.3423533482779,71.5444794774154,81.0306208785401,73.5136896715682,72.6820392509344,63.2841226706814,58.9155135745299,36.954881713413,54.6886131068176,54.1876089431186,74.1768440406508,42.2240760302009,50.467285047472,65.4342069360603,54.3490046137171,65.9634958431753,51.1120695346385,35.1450285013035,41.9286202568305,31.5368797718187,51.8549457749843,50.4743806143541,49.010986651232,0.44292995403137,0.357891020195834,0.0234443686391341,0.0726315136498432,0.0946153846153846,0.333333333333333,0.0204806378159664,0.0533761207343246,"Dofetilide","ATP11C_19755","ATP11C",0.133289634786354,0.23883335569543,0.284001771255061,0.842566943674977,0.123506769854205,0.812857169559299,"Dofetilide/ATP11C_19755"
"6",55.5849440623121,110.031938580665,90.5602553939163,55.6242019133017,56.0973759538825,62.9053504188667,69.8833840087747,51.0320701123582,58.7638281942042,52.1175697005456,47.3484421953104,51.0017403130995,59.1785729247216,61.8140367005423,65.6818960469791,59.4392468336893,33.0847113721653,52.1750444291684,123.681554705954,61.3344834415663,62.9341208046598,41.9286202568305,50.8659351158366,62.7083065185857,64.6426278043482,56.4872388522674,0.511411727170492,0.298755843020619,0.00757869424528837,0.138196044343049,0.182307692307692,1,0.0236636068732542,0.562934977946482,"Dofetilide","BCL2L11_26886","BCL2L11",0.0598749653577977,0.342673615388677,0.409239284700539,1,0.130787899920617,0.893073296176458,"Dofetilide/BCL2L11_26886"
"7",337.785429301743,465.235713461872,470.913328048365,461.21734086446,326.828190340011,407.285489152662,353.954802122365,368.049475355796,347.158615793452,291.556259484212,224.616390414339,321.372411852422,391.43417512858,480.089018374212,296.61110198993,328.598100420207,324.965387255491,350.007589712338,350.431071666869,340.747130230924,311.401299046433,353.926882756187,288.918511457952,344.895685852221,365.717880591723,392.91858789886,0.494319411410784,0.314771620172239,0.0102612879860686,0.117300468337718,0.156923076923077,0.333333333333333,0.0115565460449376,0.309319441104421,"Dofetilide","BRMS1L_22068","BRMS1L",0.0736903716072941,0.31251584630122,0.381337703574721,0.842566943674977,0.0826406308722712,0.832729264628269,"Dofetilide/BRMS1L_22068"
"8",17.1030597114807,16.9847958882906,20.1245011986481,10.4295378587441,16.2601089721399,11.7281161797887,10.8909169883805,7.73213183520579,8.13653005765904,13.5958877479684,19.6322809102507,16.5909275717312,8.55593825417662,12.3628073401085,9.90441289597305,17.9439235724345,8.82258969924409,10.8698009227434,8.24543698039691,6.81494260461847,10.6252411748127,17.2647259881067,14.2424618324342,22.912650458714,12.3972162912449,9.96833626804719,0.421078918559915,0.413330248797598,0.0321743875308642,0.0358326823051938,0.0407692307692308,1,0.0234477622289517,0.354491165527679,"Dofetilide","BUB1B_800","BUB1B",0.161313893526998,0.151026894242445,0.165710125064245,1,0.130485274222153,0.836673641227283,"Dofetilide/BUB1B_800"
"9",805.06545356184,924.563671832164,1002.20015969267,838.998378858967,778.859219765499,828.431479245075,845.861219430883,918.577262022448,763.025707629359,643.538686737172,460.781181364119,561.019143444095,876.983671053104,875.698853257683,831.970683261736,752.523294818972,762.418793176344,691.319338686482,775.071076157309,841.645411670381,575.397675928318,593.166657162808,563.594561083469,658.43721844515,727.008183936573,829.863994314928,0.473297552074083,0.421954128802317,0.0146008168863966,0.0317807393143861,0.0407692307692308,0.333333333333333,0.0123775163867492,0.0776625543823826,"Dofetilide","BZW1_804","BZW1",0.0934964590093816,0.142156493256752,0.165710125064245,0.842566943674977,0.0855446092213233,0.812857169559299,"Dofetilide/BZW1_804"
"10",8.55152985574033,3.69234693223708,3.35408353310801,17.3825630979068,4.06502724303497,6.39715427988475,10.8909169883805,10.8249845692881,13.5608834294317,16.6171961364059,8.66130040158118,6.75926678848307,10.6949228177208,2.06046789001808,10.4256977852348,18.5046711840731,10.2930213157848,8.69584073819474,16.4908739607938,6.81494260461847,15.5291986401109,4.93277885374476,15.259780534751,8.44150280057884,15.9392780887434,16.6138937800786,-0.417935727730671,-0.418258180228866,0.0336204520173717,0.0334697527648868,0.0407692307692308,0.333333333333333,0.0224362267333131,0.296286363438807,"Dofetilide","CD44_1134","CD44",0.167186171476031,0.144744783876584,0.165710125064245,0.842566943674977,0.130005310991898,0.828281689427814,"Dofetilide/CD44_1134"
"11",149.651772475456,172.063367042248,189.841127973914,161.078418040603,125.202839085477,154.597895097215,159.733449162914,187.11759041198,136.512893189613,117.07570005195,73.332343400054,95.858692636669,158.997852556782,181.321174321591,133.448931651005,165.981293045019,133.074061296932,130.437611072921,156.663302627541,149.928737301606,94.8098443290979,109.754329495821,87.4894083992389,113.357323322059,125.743193811198,129.588371484613,0.425911825350605,0.389922574499075,0.0300486133289189,0.0489327133010317,0.0638461538461538,0.333333333333333,0.0251691567260014,0.042316390302657,"Dofetilide","CHEK1_1288","CHEK1",0.153180780238204,0.186434659236708,0.222790116193558,0.842566943674977,0.133974952262007,0.812857169559299,"Dofetilide/CHEK1_1288"
"12",129.494594958354,169.109489496458,190.511944680535,125.154454304929,132.51988812294,162.06124175708,137.951615186153,115.981977528087,115.719538597817,129.916260702809,106.245284926062,144.402517753957,176.109729065135,144.232752301265,143.353344546978,149.158864695862,130.13319806385,117.393849965629,127.804273196152,115.854024278514,143.849418982079,129.4854449108,136.320706110442,127.828470980194,151.423141843062,163.646853733775,0.565201647127741,0.332019380181677,0.00262354934060186,0.0974987771875832,0.133846153846154,0.333333333333333,0.00532020468659216,0.108639953600683,"Dofetilide","CLK2_21215","CLK2",0.0256636592376994,0.281543146150853,0.345990411854434,0.842566943674977,0.0482477821842273,0.812857169559299,"Dofetilide/CLK2_21215"
"13",131.327065641726,102.647244716191,70.4357541952683,172.666793439207,143.901964403438,186.583666496638,168.809213319897,159.281915805239,133.800716503726,156.352709101637,124.145305755997,132.727420573849,111.940192158811,179.260706431573,117.810384973153,110.4672794928,160.277046202934,136.959491626567,74.2089328235722,98.8166677669679,149.570702691594,138.117807904853,136.320706110442,123.004755094149,146.995564596189,165.308243111783,-0.505281527717307,-0.419490163086683,0.00846356546511404,0.0328989516485621,0.0407692307692308,0.333333333333333,0.00826450000479776,0.0213099281755964,"Dofetilide","CNOT4_1427","CNOT4",0.0651913445288022,0.144676112671388,0.165710125064245,0.842566943674977,0.0671343744465562,0.812857169559299,"Dofetilide/CNOT4_1427"
"14",158.203302331196,81.9701018956631,82.5104549144571,232.926345511951,118.698795496621,135.40643225756,172.439518982691,264.438908764038,175.387425687317,204.693643316636,198.055069182823,94.629735038763,136.895012066826,218.409596341916,138.661780543623,176.635497666152,121.310608364606,145.655332364762,247.363109411907,197.633335533936,210.870171007821,85.0904352270971,186.169322523962,125.416613037171,138.140410102443,202.68950411696,-0.449788219122925,-0.405938351650696,0.02114092454824,0.0396246235262532,0.0515384615384615,1,0.014554636474832,0.337255089591666,"Dofetilide","COL1A2_20081","COL1A2",0.123265774123125,0.161417272177259,0.19554613785383,1,0.0966924299141937,0.834779224857081,"Dofetilide/COL1A2_20081"
"15",119.11059441924,71.6315304853993,77.8147379681059,101.97770350772,125.202839085477,110.884007518002,115.262204793693,115.981977528087,95.8302429013176,101.969158109763,136.271126318211,143.173560156051,89.8373516688545,148.353688081302,116.246530305368,105.420550988053,91.1667602255223,97.8282083046908,98.9452437647629,74.9643686508032,148.753376447378,134.418223764545,138.355343515075,121.798826122638,129.285255608696,139.556707752661,-0.460789969094246,-0.344339208759847,0.017833342058919,0.084966300155061,0.113076923076923,1,0.0104945581311815,0.409764521171844,"Dofetilide","COX6B1_1519","COX6B1",0.108848994172331,0.261489878217515,0.314581378986867,1,0.0791089819736194,0.837427395502237,"Dofetilide/COX6B1_1519"
"16",15.2705890281077,22.1540815934225,21.4661346118913,17.3825630979068,17.8861198693538,11.7281161797887,20.8742575610626,15.4642636704116,11.7527656388408,19.6385045248433,9.23872042835326,14.1330123759192,17.1118765083532,18.5442110101627,8.34055822818783,19.0654187957117,8.82258969924409,17.3916814763895,8.24543698039691,3.40747130230924,14.7118723958945,18.4979207015429,12.2078244278008,6.02964485755632,15.9392780887434,13.2911150240629,0.414051113127664,0.391154557356892,0.0354789534246566,0.0481608301712827,0.0638461538461538,1,0.028203649931625,0.391172584395576,"Dofetilide","DFFB_1853","DFFB",0.174056693548382,0.184263134303126,0.222790116193558,1,0.144301659650165,0.837427395502237,"Dofetilide/DFFB_1853"
"17",147.819301792083,179.448060906722,210.636445879183,164.554930660184,156.91005158115,154.597895097215,139.766768017549,176.292605842692,187.140191326158,179.012522014918,155.903407228461,186.801554881714,141.172981193914,131.869944961157,121.980664087247,122.24297933721,181.598304642774,154.351173102957,169.031458098137,173.781036417771,115.243000434507,168.947675740758,130.216793896542,124.21068406566,131.056286507446,150.355738709712,0.463245551432198,0.299987825878436,0.0171562970209321,0.13649952098056,0.182307692307692,0.333333333333333,0.0119643401464553,0.00257668143657632,"Dofetilide","DNAJB9_18970","DNAJB9",0.106136413773563,0.3412488024514,0.409239284700539,0.842566943674977,0.0839386038065051,0.812857169559299,"Dofetilide/DNAJB9_18970"
"18",2456.73236284197,3611.85376911431,3792.79765923854,3260.96883716731,2857.71415185358,2925.63189066729,3152.92046813615,3140.79195146059,2700.42392024751,2099.0540028669,1570.58247282005,1867.40107001819,2973.18854332638,3366.80453228954,2490.69920089259,2378.69136857085,2657.06993108901,2660.92726588759,2861.16663219773,2385.22991161647,1881.48501418606,2069.30072914593,1856.60663172803,2204.43815992259,2230.6134169747,2482.11573074375,0.532541619566546,0.362818951627102,0.00509881200935171,0.0685037598801289,0.0946153846153846,0.333333333333333,0.00297775782620226,0.253661873089699,"Dofetilide","EIF3E_2094","EIF3E",0.0434828594255461,0.23066302911667,0.284001771255061,0.842566943674977,0.0315054130500659,0.820803046788477,"Dofetilide/EIF3E_2094"
"19",60.4715325513066,50.2159182784242,76.4731045548627,31.2886135762322,56.9103814024895,24.5224247395582,49.9167028634105,44.8463646441936,47.0110625553633,41.5429903410146,44.4613420614501,57.7610071015826,42.7796912708831,35.0279541303073,52.6497738154357,49.9065374358335,44.8481643044908,36.9573231373276,45.349903392183,64.7419547438755,48.2222484087653,64.1261250986819,45.7793416042529,41.0015850313829,63.7571123549735,44.0268185172084,0.486228512138924,0.413330248797598,0.0117830085482445,0.0358326823051938,0.0407692307692308,1,0.0138633328705948,0.586657688298596,"Dofetilide","ERO1L_2227","ERO1L",0.0802387708975607,0.151026894242445,0.165710125064245,1,0.0929821623468529,0.893073296176458,"Dofetilide/ERO1L_2227"
"20",19.5463539559779,27.3233672985544,22.8077680251345,13.9060504783254,15.4471035235329,17.0590780796927,10.8909169883805,13.9178373033704,10.8487067435454,12.0852335537497,25.9839012047435,23.3501943602142,10.6949228177208,6.18140367005423,18.7662560134226,12.8971950676873,5.14651065789239,8.69584073819474,8.24543698039691,13.6298852092369,15.5291986401109,24.6638942687238,24.4156488556015,6.02964485755632,14.1682471899941,23.2594512921101,0.417260776850077,0.393618523072526,0.0339376498344458,0.0466457887262212,0.0515384615384615,1,0.023731060020602,0.725770823555394,"Dofetilide","EXOSC4_2269","EXOSC4",0.168304921053977,0.180740051858501,0.19554613785383,1,0.130787899920617,0.919998286189018,"Dofetilide/EXOSC4_2269"
"21",7.94070629461602,0.738469386447415,1.34163341324321,3.47651261958135,7.31704903746294,3.19857713994237,6.35303490988861,7.73213183520579,7.23247116236359,5.2872896797655,15.012920696074,3.68687279371804,4.99096398160303,2.06046789001808,4.17027911409391,6.72897133966294,7.35215808270341,8.69584073819474,4.12271849019845,6.81494260461847,13.0772199074618,7.39916828061714,14.2424618324342,8.44150280057884,11.5117008418702,9.96833626804719,-0.421125842309441,-0.317235585887873,0.0321531837046302,0.114304199092742,0.156923076923077,1,0.0288147459841754,0.381431490137589,"Dofetilide","FAM63A_2329","FAM63A",0.161313893526998,0.307677232071171,0.381337703574721,1,0.146989507788323,0.836673641227283,"Dofetilide/FAM63A_2329"
"22",58.0282383068094,87.139387600795,97.2684224601324,75.3244400909293,58.5363922997035,75.6996589786362,58.0848906046959,81.9605974531814,70.516593833045,44.5642987294521,44.4613420614501,66.9781890858777,67.0215163243835,47.3907614704158,60.9903320436235,56.0747611638578,57.3468330450866,69.5667259055579,70.0862143333737,47.7045982323293,38.414333478169,43.1618149702667,38.6581106880358,60.2964485755632,48.7033497156048,49.010986651232,0.597643707234306,0.377602745920906,0.0012636999476877,0.0571970383115538,0.0784615384615385,0.333333333333333,0.00210280933698561,0.173382586295658,"Dofetilide","GEN1_12237","GEN1",0.0144140775283129,0.204675676310952,0.253887070376432,0.842566943674977,0.0252043021230303,0.812857169559299,"Dofetilide/GEN1_12237"
"23",148.430125353207,70.8930610989519,61.0443203025658,143.695854942696,137.397920814582,164.193626517042,117.07735762509,114.435551161046,162.730601153181,155.597382004528,159.367927389094,173.283021304748,111.227197304296,133.930412851175,98.001559181207,104.859803376414,127.192334830769,165.2209740257,160.78602111774,129.483909487751,174.907816262301,123.319471343619,137.338024812759,131.446257894728,127.514224709947,122.942813972582,-0.629382902595935,-0.333251363039494,0.000571597246089537,0.0961867329037795,0.133846153846154,0.333333333333333,0.00226111015186746,0.267718965360163,"Dofetilide","GJA1_2649","GJA1",0.00745117838652432,0.279079153496658,0.345990411854434,0.842566943674977,0.0258890829183484,0.828281689427814,"Dofetilide/GJA1_2649"
"24",616.931796735552,279.87989746357,223.381963304994,493.664791980552,586.176928445642,526.699035710511,556.344342823102,501.042142921335,548.763749444337,609.548967367251,692.326612099722,769.327456289164,626.009482263923,475.968082594176,683.40448982214,635.887791598148,558.028798477189,593.491130381791,478.235344863021,545.195408369478,821.412875437443,755.948359336385,686.690124063794,770.588612795697,703.099266803458,623.021016752949,-0.692968856024886,-0.377602745920906,8.70902545960241e-05,0.0571970383115538,0.0784615384615385,0.333333333333333,0.00177865119721032,0.248568542424684,"Dofetilide","GPI_2753","GPI",0.00167304962776573,0.204675676310952,0.253887070376432,0.842566943674977,0.0225503638723245,0.818368560265932,"Dofetilide/GPI_2753"
"25",1571.03819921172,2184.39244511145,2650.39680786195,2190.20295033625,1865.03449910444,1937.2715544251,1787.92553892579,2208.29685213477,1696.01448757426,1326.35438252403,959.094664468423,1271.97111383272,1927.9380866078,2311.84497260028,1467.4169632718,1750.65404353564,1683.64420093908,1702.21082450162,1537.77399684402,2054.70519529247,1402.53183507528,1458.86934599501,1399.83053438782,1553.23651530651,1633.7760040962,2238.7221868656,0.48655341378066,0.283972048726815,0.0117184879893328,0.159752691504137,0.210769230769231,0.333333333333333,0.0111181640611373,0.0500733482743788,"Dofetilide","HDAC2_2900","HDAC2",0.0802387708975607,0.373780335891091,0.447271914132379,0.842566943674977,0.0810327281127977,0.812857169559299,"Dofetilide/HDAC2_2900"
"26",100.785887585511,94.5240814652692,63.0567704224306,136.742829703533,108.12972466473,114.082584657945,101.648558558218,150.003357602992,103.966772958977,120.097008440388,120.680785595364,85.4125530544679,94.8283156504576,119.507137621048,93.3099951778513,91.9626083087268,106.606292199199,152.177212918408,103.067962254961,95.4091964646586,130.772199074618,85.0904352270971,149.54584924056,85.6209569772997,99.1777303299588,114.635867082543,-0.440932971642402,-0.356659037338017,0.0241520840462595,0.0736926041943374,0.0946153846153846,0.333333333333333,0.022451325585532,0.234355590790155,"Dofetilide","KAT6B_3489","KAT6B",0.136278580503356,0.241452428464391,0.284001771255061,0.842566943674977,0.130005310991898,0.812857169559299,"Dofetilide/KAT6B_3489"
"27",29.3195309339668,34.7080611630285,42.261452517161,17.3825630979068,17.0731144207469,9.59573141982712,12.7060698197772,9.27855820224695,11.7527656388408,21.9044858161714,32.3355214992364,27.6515459528853,12.1209125267502,8.24187156007231,31.2770933557044,26.9158853586518,25.7325532894619,13.0437611072921,16.4908739607938,23.8522991161647,35.9623547455199,39.4622308299581,31.5368797718187,37.3837981168492,26.565463481239,24.090145981114,0.455968898311292,0.418258180228866,0.0192263053060822,0.0334697527648868,0.0407692307692308,0.333333333333333,0.00856663546385216,0.0612923086756229,"Dofetilide","LBR_3754","LBR",0.114293183008469,0.144744783876584,0.165710125064245,0.842566943674977,0.067797068671362,0.812857169559299,"Dofetilide/LBR_3754"
"28",39.7035314730801,36.1849999359234,24.1494014383777,30.1297760363717,48.7803269164196,35.1843485393661,38.1182094593317,38.660659176029,43.3948269741815,55.8942051860924,51.9678024094871,56.5320495036766,47.0576603979714,37.0884220203254,45.3517853657713,53.8317707173035,47.0538117293018,41.305243506425,32.9817479215876,51.1120695346385,37.5970072339526,45.628204397139,34.5888358787689,41.0015850313829,64.6426278043482,44.0268185172084,-0.458721987037101,-0.372674814489638,0.0184203606069332,0.0607915878022907,0.0784615384615385,0.333333333333333,0.0185838409752321,0.194933228364355,"Dofetilide","MTFR1_4345","MTFR1",0.111684910656655,0.215009007246474,0.253887070376432,0.842566943674977,0.117105527321867,0.812857169559299,"Dofetilide/MTFR1_4345"
"29",3517.7328885149,5638.21376552602,5137.11433930823,5076.86726212864,3794.29642864884,3911.85984214952,3857.19976671808,5016.60713468152,4264.44580910863,3240.35324659914,2833.97749139736,2955.64302296396,4213.08659532747,4747.31801860165,3981.57398418116,3808.59777824922,3915.02417903957,3673.99271188728,3607.37867892365,3867.47992812098,3957.49367449562,3840.1683376403,3867.84570620821,4391.99331424402,3640.35401237911,4417.63435612291,0.505029844141888,0.258100408712658,0.00850166575224928,0.203005855558274,0.275384615384615,1,0.010203997638737,0.478507166073041,"Dofetilide","ND6_4508","ND6",0.0651913445288022,0.432305351684772,0.510230378758298,1,0.0777317864568673,0.866344819527084,"Dofetilide/ND6_4508"
"30",127.051300713856,200.863673113697,154.95865922959,173.825630979068,121.950817291049,142.869778917426,138.859191601851,128.353388464416,96.734301796613,101.969158109763,112.019485193783,98.9310866314341,139.746991484885,127.749009181121,101.129268516777,107.102793822968,94.842839266874,115.21988978108,164.908739607938,109.039081673896,106.252411748127,108.521134782385,107.835782445574,112.151394350547,147.881080045564,127.096287417602,0.5124886195042,0.386226625925624,0.00743155881835309,0.0513067611677088,0.0638461538461538,1,0.0149918766009161,0.755701859834592,"Dofetilide","PNKP_5229","PNKP",0.059223756659769,0.191482288611593,0.222790116193558,1,0.098452400360039,0.935433457535783,"Dofetilide/PNKP_5229"
"31",15.2705890281077,29.5387754578966,19.4536844920265,9.27070031888361,17.0731144207469,17.0590780796927,9.9833405726821,6.18570546816463,11.7527656388408,15.8618690392965,15.5903407228461,14.7474911748722,7.8429433996619,8.24187156007231,12.5108373422817,19.6261664073502,10.2930213157848,17.3916814763895,4.12271849019845,17.0373565115462,19.6158298611927,13.5651418477981,10.1731870231673,20.5007925156915,21.2523707849912,17.4445884690826,0.450200132139122,0.322163517319141,0.0210086738547344,0.108481349354645,0.133846153846154,1,0.0233977221545189,0.815908365703828,"Dofetilide","PPIA_5317","PPIA",0.122887274951572,0.299967367533677,0.345990411854434,1,0.130485274222153,0.948428514273559,"Dofetilide/PPIA_5317"
"32",250.437660060967,350.034489176075,315.283852112153,266.532634167904,283.738901563841,261.217133095294,288.609300192083,242.788939625462,245.904019520362,230.374764618354,241.938991217501,239.646731591673,329.4036227858,253.437550472224,295.568532211406,293.271000886976,292.615891691596,263.049182330391,292.71301280409,255.560347673193,195.34097236771,300.89951007843,253.312356876866,243.597652245275,270.082212059263,283.266888950341,0.457654482330143,0.299987825878436,0.018729516548428,0.13649952098056,0.182307692307692,1,0.0207525961015234,0.556708553270059,"Dofetilide","PSMD10_5521","PSMD10",0.112959414234965,0.3412488024514,0.409239284700539,1,0.123506769854205,0.893073296176458,"Dofetilide/PSMD10_5521"
"33",103.229181830008,152.863162994615,159.654376175941,121.677941685347,95.1216374870182,108.751622758041,91.6652179855356,134.539093932581,85.8855950530676,72.5114013224983,94.6968843906209,95.244213837716,160.423842265812,94.7815229408316,91.7461405100661,87.4766274156182,120.575392556336,117.393849965629,115.436117725557,81.7793112554217,86.6365818869342,91.2564087942781,104.783826338623,101.298033606946,119.544585665575,119.620035216566,0.575215611996538,0.373906797347455,0.00211068170058712,0.0598769614970751,0.0784615384615385,0.333333333333333,0.00509773884643541,0.263014991493004,"Dofetilide","PSME2_5535","PSME2",0.0220306217856856,0.212185348994489,0.253887070376432,0.842566943674977,0.0469759375418833,0.82598252051729,"Dofetilide/PSME2_5535"
"34",7.94070629461602,14.0309183425009,13.4163341324321,4.6353501594418,2.43901634582098,5.33096189990396,6.35303490988861,3.09285273408232,6.32841226706814,9.06392516531229,9.81614045512534,5.53030919057706,7.12994854514718,0,6.25541867114087,17.9439235724345,8.08737389097375,2.17396018454868,12.3681554705954,10.2224139069277,8.99058868637997,8.63236299405333,7.12123091621712,7.23557382906758,6.19860814562243,5.81486282302753,0.444489518506363,0.402242403077245,0.0229034575138641,0.0416364844281322,0.0515384615384615,1,0.0248329375935253,0.391761621438704,"Dofetilide","PSRC1_5548","PSRC1",0.13084353353862,0.16774080371157,0.19554613785383,1,0.133730753897319,0.837427395502237,"Dofetilide/PSRC1_5548"
"35",231.502129666113,321.234183104626,344.128970496882,247.991233530137,252.031689068168,294.269096874698,285.886570944987,315.470978876396,256.752726263907,254.545231725853,163.98728760327,211.380706839834,274.503018988167,327.614394512874,244.482613063756,222.056054208877,295.556754924677,234.787699931258,309.203886764884,303.264945905522,191.254341146628,244.172553260366,213.636927486514,266.510302703989,234.661594084278,284.928278328349,0.419879174063349,0.272884203006462,0.0327203438213235,0.177409874497572,0.241538461538462,0.333333333333333,0.0298477089599032,0.210140271735474,"Dofetilide","RAD50_12781","RAD50",0.163601719106617,0.39678066293881,0.482812368354537,0.842566943674977,0.149587640810743,0.812857169559299,"Dofetilide/RAD50_12781"
"36",33.595295861837,49.4774488919768,57.6902367694578,33.6062886559531,44.7152996733846,43.7138875792124,43.5636679535219,41.7535119101113,44.298885869477,33.9897193699211,38.6871417937293,39.3266431329924,37.7887272892801,37.0884220203254,31.7983782449661,37.0093423681462,38.2312220300577,36.9573231373276,57.7180588627783,27.2597704184739,20.433156105409,30.8298678359048,30.5195610695019,25.3245084017365,40.7337106712331,28.2436194261337,0.498558924774388,0.285204031584632,0.0095316409692984,0.15787056405219,0.210769230769231,0.333333333333333,0.011623427754834,0.115700242543984,"Dofetilide","RFC3_5808","RFC3",0.0698604207589139,0.371759715348707,0.447271914132379,0.842566943674977,0.0826406308722712,0.812857169559299,"Dofetilide/RFC3_5808"
"37",9.77317697798895,11.0770407967112,13.4163341324321,6.95302523916271,6.50404358885594,7.46334665986554,9.9833405726821,4.63927910112348,3.61623558118179,5.2872896797655,14.435500669302,9.83166078324811,2.85197941805887,0,6.77670356040261,5.60747611638578,10.2930213157848,6.52188055364605,0,10.2224139069277,8.17326244216361,3.69958414030857,5.08659351158366,3.61778691453379,7.08412359499706,13.2911150240629,0.431561799307257,0.417097502184321,0.0277081744576809,0.0340147402095749,0.0447737375675903,0.333333333333333,0.0250155855992316,0.103540201606539,"Dofetilide","RFC5_5812","RFC5",0.147504517678208,0.146208053340078,0.181582380135227,0.842566943674977,0.133974952262007,0.812857169559299,"Dofetilide/RFC5_5812"
"38",3608.74559912242,4440.41642070831,4968.06852923959,4473.11290386134,3970.71861099655,3936.38226688908,3884.42705918904,4283.60103670401,3911.86283994341,3052.27679941891,1762.86334173516,2652.70497508013,3751.77892445645,4392.91754151854,3613.02556747311,3089.15859251693,3214.36351375793,3337.02888328223,2881.78022464872,3438.13854403002,2478.13317246401,3176.70958181163,2641.97666991655,3268.06751279552,3112.58680455183,4298.01432090635,0.478211867302471,0.391154557356892,0.0134708069788265,0.0481608301712827,0.0638461538461538,0.333333333333333,0.0132074662923899,0.0817524272759579,"Dofetilide","RPL15_14976","RPL15",0.0868700450047996,0.184263134303126,0.222790116193558,0.842566943674977,0.0894766688741355,0.812857169559299,"Dofetilide/RPL15_14976"
"39",166.754832186936,209.725305751066,230.760947077831,149.490042641998,189.430269525429,145.002163677388,169.716789735596,143.817652134828,132.896657608431,189.587101374449,175.535688138712,172.054063706842,164.7018113929,150.41415597132,164.204740117448,173.831759607959,147.778377462339,178.264735132992,123.681554705954,187.410921627008,181.446426216032,193.611570009482,184.134685119328,164.006340125532,216.06576964741,191.059778470904,0.537868645826662,0.346803174475481,0.00459551505767081,0.0826132974218992,0.113076923076923,0.333333333333333,0.00496607717152666,0.12435379758062,"Dofetilide","SAT1_17598","SAT1",0.0403212258665828,0.25728543992315,0.314581378986867,0.842566943674977,0.0465128758032606,0.812857169559299,"Dofetilide/SAT1_17598"
"40",32.3736487395884,15.5078571153957,8.04980047945923,17.3825630979068,30.0812015984587,23.4562323595774,18.1515283139675,26.2892482396997,22.6014723823862,37.0110277583585,68.1355631591053,39.9411219319454,42.7796912708831,20.6046789001808,35.4473724697983,40.9345756496162,16.1747477819475,32.6094027682303,37.1044664117861,27.2597704184739,70.290057002607,55.4937621046286,49.8486164135198,48.2371588604505,49.5888651649794,31.5663981821494,-0.426136943290615,-0.407170334508513,0.0299524171953827,0.0389714296770717,0.0515384615384615,0.333333333333333,0.0264870858225266,0.139863743331795,"Dofetilide","SESN2_18106","SESN2",0.153180780238204,0.161276324627338,0.19554613785383,0.842566943674977,0.139688815691725,0.812857169559299,"Dofetilide/SESN2_18106"
"41",28.0978838117182,47.2620407326346,65.0692205422954,41.7181514349762,36.5852451873147,52.2434266190588,29.0424453023479,34.0213800749055,28.0258257541589,29.4577567872649,25.9839012047435,25.8081095560263,17.824871362868,49.4512293604339,18.2449711241609,25.7943901353746,41.9073010714094,50.0010842446197,61.8407773529768,57.927012139257,9.80791493059633,28.3634784090324,20.3463740463346,19.2948635441802,15.9392780887434,20.7673672250983,0.423886233459511,0.297523860162802,0.0309253959447615,0.139907718580558,0.182307692307692,0.333333333333333,0.0229448741301343,0.0134884445497881,"Dofetilide","SGOL2_6289","SGOL2",0.156340298058697,0.345509589187439,0.409239284700539,0.842566943674977,0.130485274222153,0.812857169559299,"Dofetilide/SGOL2_6289"
"42",10.3840005391133,19.2002040476328,15.4287842522969,2.3176750797209,9.75606538328392,7.46334665986554,9.07576415698373,9.27855820224695,2.71217668588635,9.06392516531229,13.8580806425299,14.7474911748722,6.41695369063247,6.18140367005423,7.29798844966435,10.654204621133,7.35215808270341,4.34792036909737,0,3.40747130230924,15.5291986401109,14.7983365612343,12.2078244278008,7.23557382906758,15.9392780887434,9.13764157904326,0.452882310523863,0.415794214513232,0.0201639152993772,0.0346351211832496,0.0407692307692308,1,0.0161473374942789,0.613701933705358,"Dofetilide","SLC16A7_6342","SLC16A7",0.119319818508367,0.147684804110819,0.165710125064245,1,0.104081531219194,0.896575374942425,"Dofetilide/SLC16A7_6342"
"43",49.4767084510691,43.5696938003975,30.1867517979721,53.3065268335808,81.3005448606993,69.3025046987514,68.068231177378,61.8570546816463,51.5313570318406,71.0007471282796,55.4323225701196,38.0976855350864,57.0395883611775,49.4512293604339,72.4585996073818,81.8691512992324,61.7581278947086,36.9573231373276,57.7180588627783,44.2971269300201,44.9529434318998,64.1261250986819,42.7273854973027,51.8549457749843,69.0702050512213,53.1644600962517,-0.460519369217788,-0.418258180228866,0.0179092714759657,0.0334697527648868,0.0407692307692308,0.333333333333333,0.0138876508522721,0.140138687810453,"Dofetilide","SLC25A13_6394","SLC25A13",0.108948068145458,0.144744783876584,0.165710125064245,0.842566943674977,0.0929821623468529,0.812857169559299,"Dofetilide/SLC25A13_6394"
"44",106.28329963563,65.72377539382,64.3984038356738,79.9597902503711,120.324806393835,77.8320437385977,108.001593468106,89.6927292883872,108.487067435454,114.809718760622,96.4291444709371,122.895759790601,109.801207595267,70.0559082606146,97.4802742919452,114.953260385909,113.223234473633,71.7406860901066,90.699806784366,119.261495580823,107.88706423656,108.521134782385,95.6279580177727,108.533607436014,100.063245779333,122.112119283578,-0.516444394709273,-0.407170334508513,0.00691147332516085,0.0389714296770717,0.0515384615384615,0.333333333333333,0.00600353722184722,0.315611651708618,"Dofetilide","SLC35B1_6471","SLC35B1",0.0558116761876927,0.161276324627338,0.19554613785383,0.842566943674977,0.0533163875556795,0.833447241629579,"Dofetilide/SLC35B1_6471"
"45",273.648955383691,366.280815677918,413.893907985529,344.174749338554,322.763163096976,251.621401675467,286.794147360686,326.295963445684,299.243494342794,280.226353027572,207.293789611176,244.562561983297,333.681591912888,414.154045893634,303.387805550332,285.420534324036,295.556754924677,336.963828605046,206.135924509923,303.264945905522,250.919156974423,238.006579693185,249.243082067599,258.06879990341,287.792521046756,351.383853448663,0.48145289061437,0.299987825878436,0.0127658760688628,0.13649952098056,0.182307692307692,0.333333333333333,0.0123125125575456,0.11666110299423,"Dofetilide","SMNDC1_6595","SMNDC1",0.0838047619628585,0.3412488024514,0.409239284700539,0.842566943674977,0.0854398644681501,0.812857169559299,"Dofetilide/SMNDC1_6595"
"46",113.613182369122,70.8930610989519,60.3735035959442,114.724916446185,102.438686524481,109.817815138021,107.094017052408,111.342698426963,88.597771738954,93.6605600415603,114.906585327644,87.2559894513269,117.644150994929,90.6605871607954,117.810384973153,102.056065318221,98.5189183082257,115.21988978108,90.699806784366,102.224139069277,190.437014902412,109.754329495821,172.944179393844,160.388553210998,132.827317406195,128.75767679561,-0.46223665326044,-0.362818951627102,0.0174318687211835,0.0685037598801289,0.0946153846153846,0.333333333333333,0.0228762089977612,0.21387690949911,"Dofetilide","STAT5B_6835","STAT5B",0.107115018236229,0.23066302911667,0.284001771255061,0.842566943674977,0.130485274222153,0.812857169559299,"Dofetilide/STAT5B_6835"
"47",51.9200026955663,56.862142756451,67.0816706621602,40.5593138951158,45.5283051219916,46.9124647191548,32.6727509651414,41.7535119101113,49.7232392412497,43.8089716323427,60.0516827842962,58.9899646994886,44.9186758344273,47.3907614704158,41.1815062516774,52.7102754940263,47.0538117293018,45.6531638755224,41.2271849019845,40.8896556277108,62.1167945604434,46.8613991105752,59.0044847343704,63.9142354900969,58.4440196587258,55.6565441632635,0.428950269048041,0.340643260186396,0.0287709919875834,0.0885904177654942,0.113076923076923,0.333333333333333,0.0224392924989347,0.126253961177976,"Dofetilide","TM7SF3_22780","TM7SF3",0.151317176879942,0.267235557722358,0.314581378986867,0.842566943674977,0.130005310991898,0.812857169559299,"Dofetilide/TM7SF3_22780"
"48",438.571316887254,609.237243819118,588.977068413767,370.828012755344,374.795511807824,446.734607211951,434.729103119521,397.431576329578,400.498090615884,438.845043420537,470.597321819244,479.907941982298,340.098545603521,424.456385343724,340.920317577177,375.700899797847,457.304232744152,397.834713772409,428.762722980639,483.860924927912,395.585902200719,495.744274801349,444.568272912412,337.660112023154,477.292827212927,314.83328713249,0.67771739526224,0.4207221459445,0.000142492461112769,0.0323359721702226,0.0407692307692308,1,0.00169933397543053,0.402637852351237,"Dofetilide","TM9SF2_7142","TM9SF2",0.0023857682709248,0.142888981139603,0.165710125064245,1,0.0225003438815552,0.837427395502237,"Dofetilide/TM9SF2_7142"
"49",6.7190591723674,18.4617346611854,13.4163341324321,1.15883753986045,8.13005448606993,3.19857713994237,3.63030566279349,1.54642636704116,4.52029447647724,8.30859806820293,14.435500669302,7.37374558743608,3.56497427257359,0,6.25541867114087,5.60747611638578,5.88172646616273,0,4.12271849019845,0,17.1638511285436,13.5651418477981,14.2424618324342,4.82371588604505,6.19860814562243,4.15347344501966,0.45647127468193,0.381559679257627,0.0190771273007677,0.0544323040881271,0.0647210751040984,1,0.0187362918068994,0.615075270919406,"Dofetilide","TNNI1_20151","TNNI1",0.113776984718631,0.199475813174361,0.225412141345381,1,0.117236538743264,0.896575374942425,"Dofetilide/TNNI1_20151"
"50",45.8117670843232,115.201224285797,99.2808725799972,61.4183896126039,48.7803269164196,46.9124647191548,46.286397200617,94.3320083895107,53.3394748224315,48.3409342149989,31.7581014724643,44.8569523235695,73.438470015016,67.9954403705966,59.4264773758383,56.0747611638578,65.4342069360603,76.0886064592039,94.8225252745644,34.0747130230924,26.9717660591399,33.2962572627771,37.6407919857191,55.4727326895181,48.7033497156048,48.1802919622281,0.563380591629593,0.30245179159407,0.00272742560866061,0.133151685101332,0.182307692307692,1,0.00655957003523635,0.47388949289429,"Dofetilide","TST_17424","TST",0.0263362525704001,0.336102109695616,0.409239284700539,1,0.0564980052281161,0.864117478658772,"Dofetilide/TST_17424"
"51",159.424949453445,168.371020110011,219.357063065264,117.042591525906,175.609176899111,162.06124175708,144.304650096041,131.446241198498,137.416952084908,138.224858771012,120.680785595364,145.01699655291,159.710847411297,133.930412851175,164.72602500671,165.420545433381,148.513593270609,119.567810150178,131.926991686351,201.040806836245,147.936050203161,159.082118033269,143.441937026659,133.85811583775,137.254894653068,179.430052824849,0.566541523519409,0.403474385935062,0.00254929624079776,0.0409570732935497,0.0515384615384615,0.333333333333333,0.00779072660903941,0.244970653839789,"Dofetilide","UBR7_7515","UBR7",0.0254233095052236,0.166473627529462,0.19554613785383,0.842566943674977,0.0648218709121046,0.812857169559299,"Dofetilide/UBR7_7515"
"52",6.10823561124309,16.9847958882906,19.4536844920265,5.79418769930226,7.31704903746294,9.59573141982712,5.44545849419024,12.3714109363293,5.42435337177269,12.8405606508591,16.1677607496182,10.4461395822011,4.99096398160303,2.06046789001808,6.25541867114087,7.28971895130152,5.88172646616273,8.69584073819474,4.12271849019845,6.81494260461847,11.4425674190291,12.3319471343619,7.12123091621712,6.02964485755632,7.96963904437169,7.47625220103539,0.617431759964784,0.333251363039494,0.000778284594947046,0.0961867329037795,0.133846153846154,0.333333333333333,0.00330605579367469,0.22208848636976,"Dofetilide","VDAC2_11431","VDAC2",0.00966237677400244,0.279079153496658,0.345990411854434,0.842566943674977,0.0340051585691793,0.812857169559299,"Dofetilide/VDAC2_11431"
"53",87.3477692407762,92.3086733059269,117.39292365878,91.5481656489756,86.9915830009483,101.288276098175,96.2031000640275,83.5070238202226,73.2287705189314,74.7773826138264,62.9387829181566,69.4361042816898,86.2723773962809,80.358247710705,88.0971462852339,89.1588702505339,97.048486691685,84.7844471973987,82.4543698039691,71.556897348494,69.4727307583907,59.1933462449371,70.1949904598545,71.1498093191645,77.9253595449677,69.7783538763303,0.5661142169447,0.418258180228866,0.00257277902777837,0.0334697527648868,0.0407692307692308,0.333333333333333,0.0050830833976094,0.234900945412926,"Dofetilide","VRK1_16871","VRK1",0.0255180528570409,0.144744783876584,0.165710125064245,0.842566943674977,0.0469759375418833,0.812857169559299,"Dofetilide/VRK1_16871"
"54",383.182554507593,369.737095525968,437.02318772422,271.167984327346,345.527315657972,336.91679207393,246.860785069957,334.02809528089,286.586669808657,311.950091106165,303.722934082113,293.106387100584,391.43417512858,348.219073413055,323.196631342278,351.02800488575,329.376682105113,339.137788789595,321.572042235479,296.450003300904,252.553809462855,268.83644752909,245.173807258332,302.688171849327,309.044891831747,326.463012778545,0.63099361093062,0.52297672314331,0.000547776031998405,0.00611962287138615,0.00307692307692308,1,0.00164103770931575,0.454256350879139,"Isoproterenol","AIFM1_183","AIFM1",0.0555384032442827,0.379606950611424,0.175480769230769,1,0.145882178415436,0.885381112415951,"Isoproterenol/AIFM1_183"
"55",40.1588703414071,55.1160887740573,50.4257524297177,40.5593138951158,28.4551907012448,26.6548094995198,41.7485151221251,32.4749537078643,28.0258257541589,35.5003735641398,30.6032614189202,22.1212367623082,34.2237530167065,16.4837431201446,31.7983782449661,34.2056043099533,32.349495563895,50.0010842446197,41.2271849019845,17.0373565115462,22.8851348380581,25.89708898216,25.4329675579183,32.5600822308041,40.7337106712331,20.7673672250983,0.584143177699589,0.479857323119715,0.00172844020283548,0.0131090010886896,0.0123076923076923,1,0.00198456151247903,0.531690450389618,"Isoproterenol","AMDHD2_248","AMDHD2",0.103222203693571,0.462328319544636,0.362282878411911,1,0.145882178415436,0.887333191690241,"Isoproterenol/AMDHD2_248"
"56",185.734775329008,184.868547762984,191.815607281671,156.443067881161,164.227100618613,163.127434137061,166.994060488501,148.456931235951,142.841305456681,138.224858771012,162.255027522954,151.16178454244,145.450950321003,135.990880741193,134.491501429529,168.224283491573,190.420894342018,165.2209740257,160.78602111774,146.521265999297,156.109312645325,144.283781472034,153.615124049826,138.681831723795,151.423141843062,142.879486508676,0.631790334532222,0.52297672314331,0.000536315886560692,0.00611962287138615,0.00307692307692308,1,0.000933001480234476,0.406327736852598,"Isoproterenol","BIRC6_26442","BIRC6",0.0555384032442827,0.379606950611424,0.175480769230769,1,0.145882178415436,0.878988101409936,"Isoproterenol/BIRC6_26442"
"57",51.8718741909842,35.5958073332453,36.5833890176384,62.5772271524644,49.5933323650266,60.7729656589051,66.2530783459812,46.3927910112347,50.6272981365451,59.6708406716392,56.5871626236637,48.5438251172875,71.2994854514719,57.6931009205062,65.6818960469791,55.5140135522192,55.8764014285459,69.5667259055579,70.0862143333737,64.7419547438755,71.9247094910397,41.9286202568305,75.2815839714381,44.6193719459167,47.8178342662302,62.3021016752949,-0.554350880036561,-0.450289734532108,0.00329595500701684,0.0209799951663725,0.0238461538461538,1,0.00109579974867439,0.367799227336472,"Isoproterenol","CDK19_1201","CDK19",0.1410191409061,0.472697421958394,0.483547008547008,1,0.145882178415436,0.878988101409936,"Isoproterenol/CDK19_1201"
"58",11.7130038495771,16.0755258924334,15.8198438995193,6.95302523916271,6.50404358885594,7.46334665986554,5.44545849419024,6.18570546816463,5.42435337177269,4.53196258265614,3.46452016063247,3.07239399476503,3.56497427257359,0,4.69156400335565,7.85046656294009,3.6760790413517,6.52188055364605,12.3681554705954,0,2.45197873264908,2.46638942687238,8.13854961853385,3.61778691453379,7.08412359499706,3.32277875601573,0.748449224393999,0.539084659396278,1.09694682530894e-05,0.00448672282366555,0.00807442790412232,1,0.000571149588015346,0.366591235676349,"Isoproterenol","COL15A1_25820","COL15A1",0.00500481989047202,0.379606950611424,0.350961538461538,1,0.145882178415436,0.878988101409936,"Isoproterenol/COL15A1_25820"
"59",192.427920385909,95.3049035051407,100.851504859435,185.414006377672,186.991253179608,220.701822656024,156.10314350012,191.756869513104,178.099602373203,194.874391054214,213.067989878897,166.523754516265,193.221605573489,160.71649542141,197.566973030199,168.785031103212,192.626541766829,210.874137901222,222.626798470716,177.18850772008,237.024610822745,220.741853705078,254.329675579183,226.714646644117,174.446543526803,183.583526269869,-0.699276180663134,-0.391154557356892,7.04320490782391e-05,0.0481608301712827,0.0638461538461538,1,0.00197253941649297,0.3657167226555,"Isoproterenol","COL16A1_11319","COL16A1",0.0183626413668266,0.533697382693187,0.576827875095202,1,0.145882178415436,0.878988101409936,"Isoproterenol/COL16A1_11319"
"60",187.408061593233,168.79302187055,220.48907434955,98.5011908881383,136.584915365975,99.1558913382136,130.691003860566,146.91050486891,103.966772958977,120.097008440388,128.187245943401,119.823365795836,137.608006921341,109.204798170958,111.554966302012,105.420550988053,80.8737389097375,89.1323675664961,131.926991686351,146.521265999297,165.099901331705,151.682949752651,188.203959928595,129.034399951705,98.2922148805842,124.60420335059,0.66493064605397,0.52297672314331,0.000210761053579975,0.00611962287138615,0.00307692307692308,1,0.00161925100641947,0.564696458589823,"Isoproterenol","ENO2_13140","ENO2",0.0427376580870504,0.379606950611424,0.175480769230769,1,0.145882178415436,0.890764767503502,"Isoproterenol/ENO2_13140"
"61",322.944248995482,299.693732708936,236.308918249069,387.051738313391,402.437697060462,491.514687171145,426.560915378235,372.688754456919,402.306208406475,339.897193699211,266.190632341928,354.554266995885,458.455691452964,418.27498167367,458.730702550331,444.112108417754,399.957399699065,386.964912849666,408.149130529647,490.67586753253,417.65371079456,466.14760167888,314.35147901587,476.341943746949,370.145457838596,432.791932971049,-0.614211912819009,-0.509424911707323,0.000843992945773165,0.00785656312064525,0.00538461538461539,0.333333333333333,0.0016974065360407,0.166376490582465,"Isoproterenol","HS2ST1_3103","HS2ST1",0.0700130511834557,0.392898374126818,0.251972386587771,0.8803666184274,0.145882178415436,0.852153489523053,"Isoproterenol/HS2ST1_3103"
"62",100.397175853518,153.865747827577,156.220958507753,81.1186277902316,84.5525666551273,104.486853238118,96.2031000640275,68.042760149811,99.4464784824994,110.277756177966,121.258205622137,109.377226213635,115.505166431384,76.2373119306689,120.416809419462,128.971950676873,116.164097706714,93.4802879355934,86.5770882941675,112.446552976205,94.8098443290979,91.2564087942781,99.6972328270397,107.327678464502,112.460462070578,122.112119283578,0.646880897130136,0.377602745920906,0.000355317690380613,0.0571970383115538,0.0784615384615385,0.333333333333333,0.00203320109289807,0.309582482574228,"Isoproterenol","MTHFD2_4349","MTHFD2",0.0498811373034322,0.543669765200967,0.614559260482007,0.8803666184274,0.145882178415436,0.874900928970106,"Isoproterenol/MTHFD2_4349"
"63",391.548985828719,427.149687998944,488.437680397658,223.655645193067,283.738901563841,233.496131215793,224.171374677498,261.346056029956,299.243494342794,293.82224077554,436.529540239691,371.145194567616,287.336926369432,228.711935792007,354.995009587244,305.607448343025,224.976037330724,239.135620300355,272.099420353098,265.78276158012,433.182909434671,399.555087153326,419.135305354493,317.159319507462,302.846283686124,289.081751773368,0.573827297363746,0.463841545968094,0.00217619204215314,0.0169951925791927,0.0176923076923077,0.333333333333333,0.00128475648760308,0.0966956236789797,"Isoproterenol","PGAM1_5090","PGAM1",0.114809434330182,0.472037391341133,0.419330669330669,0.8803666184274,0.145882178415436,0.852153489523053,"Isoproterenol/PGAM1_5090"
"64",3595.89218182016,2998.08557893882,2782.31504582796,3740.72757866954,4234.13237634522,3949.17657544885,3934.34376205245,3556.78064419466,3776.25400564909,3287.93885371703,3159.06496647004,3262.88242244046,4310.76689039599,4201.29402774686,3683.92031241271,4064.29868915641,3495.2159525172,3326.15908235949,3615.62411590404,3935.62935416717,4466.68792464241,4548.02210315267,4093.69045812253,4404.05260395913,3916.634832584,4444.21658617104,-0.571163105408401,-0.466305511683728,0.00230679678014955,0.0163422720692497,0.0176923076923077,0.333333333333333,0.0010550341614106,0.168542420892728,"Isoproterenol","PPP1CB_18519","PPP1CB",0.114809434330182,0.472037391341133,0.419330669330669,0.8803666184274,0.145882178415436,0.852153489523053,"Isoproterenol/PPP1CB_18519"
"65",187.408061593233,109.083925698655,125.570010952434,263.056121548322,252.031689068168,245.224247395582,290.424453023479,273.717466966285,229.630959405044,231.885418812573,142.622746612703,180.656766892184,300.883828605211,296.707376162603,230.407921053689,261.308387023577,272.029849060026,226.091859193063,243.240390921709,265.78276158012,157.743965133758,157.848923319832,156.667080156777,235.156149444696,207.210615153664,243.393543878152,-0.573958080787826,-0.479857323119715,0.00216994735017507,0.0131090010886896,0.0123076923076923,1,0.0016668757720719,0.461278662364301,"Isoproterenol","TPX2_7308","TPX2",0.114809434330182,0.462328319544636,0.362282878411911,1,0.145882178415436,0.885381112415951,"Isoproterenol/TPX2_7308"
"66",29.7242313330614,27.2729167823388,16.256945970349,40.5593138951158,25.2031689068168,39.4491180592893,32.6727509651414,57.2177755805229,34.3542380212271,41.5429903410146,36.954881713413,38.7121643340394,38.5017221437948,45.3302935803977,29.1919537986574,29.1588758052061,50.7298907706535,52.1750444291684,82.4543698039691,40.8896556277108,19.6158298611927,34.5294519762133,25.4329675579183,24.1185794302253,26.565463481239,19.1059778470904,-0.33518801497751,-0.340643260186396,0.0941510110861677,0.0885904177654942,0.113076923076923,0.333333333333333,0.0702163699394621,0.224020092002959,"Nifedipine","AHR_23752","AHR",0.178218677891083,0.158117074746009,0.191739130434783,0.89067055393586,0.136847886363702,0.872196639658773,"Nifedipine/AHR_23752"
"67",16.443191801268,26.1123671320265,43.3518559209307,15.0648880181859,9.75606538328392,12.7943085597695,18.1515283139675,10.8249845692881,11.7527656388408,24.1704671074994,24.2516411244273,23.3501943602142,13.5469022357797,16.4837431201446,13.0321222315435,19.0654187957117,21.3212584398399,17.3916814763895,12.3681554705954,34.0747130230924,25.3371135707072,19.731115414979,37.6407919857191,18.0889345726689,16.824793538118,29.0743141151376,0.510058284056778,0.285204031584632,0.00776707037741428,0.15787056405219,0.210769230769231,0.333333333333333,0.0148732900755474,0.102509680197759,"Nifedipine","AP2B1_21852","AP2B1",0.0255794928064999,0.247966361531847,0.315637254901961,0.89067055393586,0.0402426769994781,0.872196639658773,"Nifedipine/AP2B1_21852"
"68",43.6377013187497,78.9173762212356,72.7691867244194,46.353501594418,28.4551907012448,25.588617119539,25.4121396395544,26.2892482396997,27.1217668588635,42.298317438124,88.345264096128,50.3872615141465,41.3537015618537,35.0279541303073,26.5855293523487,35.887847144869,34.555142988706,19.5656416609382,37.1044664117861,40.8896556277108,102.165780527045,55.4937621046286,78.3335400783883,53.0608747464956,47.8178342662302,27.4129247371298,0.37624066500583,0.351731105906749,0.0581735974322474,0.0780559218044888,0.0946153846153846,1,0.0510473997535246,0.437640958113206,"Nifedipine","BMF_26899","BMF",0.12317091977337,0.142933571096532,0.169035087719298,1,0.107223964075585,0.872196639658773,"Nifedipine/BMF_26899"
"69",98.659150807608,61.5091314665513,55.738100469768,86.9128154895338,79.6745339634853,91.692544678348,115.262204793693,117.528403895128,80.4612416812949,81.5753264878106,66.4033030787891,58.9899646994886,104.810243613664,111.265266060976,90.1822858422809,69.5327038431837,82.3441705262782,86.9584073819474,107.19068074516,122.668966883133,84.1846031542852,80.1576563733524,63.0737595436373,103.709891549969,66.4136587030974,75.5932166993578,-0.377112655650254,-0.30245179159407,0.0575469338594851,0.133151685101332,0.182307692307692,0.333333333333333,0.0507243122691432,0.254269546055726,"Nifedipine","CENPW_1256","CENPW",0.12237068418148,0.215226665600301,0.281051303616484,0.89067055393586,0.106800830149419,0.872196639658773,"Nifedipine/CENPW_1256"
"70",233.999267941122,235.591579013395,270.174959221514,114.724916446185,166.666116964434,118.347354177868,104.371287805313,98.9712874906341,142.841305456681,223.57682074437,258.106751967119,274.057544333041,153.293893720664,117.44666973103,186.098705466441,215.327082869214,123.516255789417,123.915730519275,94.8225252745644,146.521265999297,259.092419416586,288.567562944069,248.225763365282,242.391723273764,185.072728919298,174.445884690826,0.363952959141895,0.335715328755128,0.0675799436857281,0.0936023620726237,0.113076923076923,0.333333333333333,0.0571233756679661,0.308532472296194,"Nifedipine","CISD1_1354","CISD1",0.13840674500105,0.163714818396106,0.191739130434783,0.89067055393586,0.116103515165406,0.872196639658773,"Nifedipine/CISD1_1354"
"71",547.052342619108,396.327705581646,460.613469159889,527.271080636505,586.989933894249,548.022883310127,532.747356014945,527.331391161035,517.121688108997,546.856818307175,405.348858793999,554.874355454565,680.197091207041,640.805513795622,667.765943144288,637.009286821425,526.414518721564,489.141041523454,441.130878451235,579.27012139257,434.000235678888,605.498604297169,407.944799629009,604.170414727143,703.099266803458,649.603246801075,-0.358658124035268,-0.322163517319141,0.0719767526962379,0.108481349354645,0.133846153846154,1,0.0690517246740029,0.612773864052455,"Nifedipine","CLTC_1405","CLTC",0.145365519367608,0.181927093656966,0.219445438282648,1,0.135027648694375,0.884420860478859,"Nifedipine/CLTC_1405"
"72",44.2701317726446,91.6834223746708,76.639888145931,60.2595520727435,59.3493977483105,52.2434266190588,50.8242792791089,43.2999382771524,47.9151214506588,54.3835509918737,74.4871834535981,33.1818551434624,48.4836501070009,51.5116972504519,38.5750818053687,57.7570039987735,46.3185959210315,84.7844471973987,32.9817479215876,40.8896556277108,83.3672769100688,64.1261250986819,67.1430343529043,73.5616672621871,86.780514038714,61.471406986291,0.352022615314748,0.235924717271952,0.077792460395484,0.245930508498168,0.312307692307692,1,0.0711590606492944,0.534293372647959,"Nifedipine","COL5A1_1480","COL5A1",0.153161739962322,0.349179412918003,0.425304606240713,1,0.138224900995753,0.873192764938801,"Nifedipine/COL5A1_1480"
"73",5.05944363115938,11.0252216779667,13.934525117442,4.6353501594418,10.5690708318909,7.46334665986554,4.53788207849186,6.18570546816463,4.52029447647724,5.2872896797655,11.5484005354416,4.91583039162405,3.56497427257359,0,6.77670356040261,10.654204621133,4.41129484962205,4.34792036909737,8.24543698039691,6.81494260461847,9.80791493059633,6.16597356718095,9.15586832085058,9.6474317720901,7.08412359499706,6.64555751203146,0.487662656462701,0.317235585887873,0.0115004131383559,0.114304199092742,0.156923076923077,0.333333333333333,0.0120445134061786,0.124951213324502,"Nifedipine","CSNK1E_1602","CSNK1E",0.0349010882162358,0.190126675986385,0.249470945359931,0.89067055393586,0.0344549381443517,0.872196639658773,"Nifedipine/CSNK1E_1602"
"74",204.907467061955,146.809530764504,209.792017045932,164.554930660184,156.91005158115,154.597895097215,139.766768017549,176.292605842692,187.140191326158,179.012522014918,155.903407228461,186.801554881714,141.172981193914,131.869944961157,121.980664087247,122.24297933721,181.598304642774,154.351173102957,169.031458098137,173.781036417771,115.243000434507,168.947675740758,130.216793896542,124.21068406566,131.056286507446,150.355738709712,0.403735368054177,0.329555414466043,0.0408142817771082,0.100162950037827,0.113076923076923,1,0.0345763379700695,0.955589456396097,"Nifedipine","DNAJB9_18970","DNAJB9",0.0954242072671419,0.17142734586306,0.191739130434783,1,0.0794712689469136,0.986877125683224,"Nifedipine/DNAJB9_18970"
"75",11.3837481701086,12.7660461534352,18.579366823256,8.11186277902316,13.8210926263189,10.6619237998079,12.7060698197772,0,6.32841226706814,9.81925226242164,10.3935604818974,17.8198851696372,10.6949228177208,4.12093578003615,14.074692010067,7.28971895130152,7.35215808270341,6.52188055364605,12.3681554705954,10.2224139069277,12.2598936632454,6.16597356718095,15.259780534751,8.44150280057884,8.85515449374633,16.6138937800786,0.391881516383327,0.356659037338017,0.0477098725674127,0.0736926041943375,0.0946153846153846,0.333333333333333,0.048563358751468,0.217464248765418,"Nifedipine","EEF2K_15933","EEF2K",0.106519118655381,0.136719173571074,0.169035087719298,0.89067055393586,0.103617567396814,0.872196639658773,"Nifedipine/EEF2K_15933"
"76",521.755124463311,579.114275505832,304.237131730817,648.949022321853,390.242615331357,498.97803383101,395.703317244491,692.799012434439,564.13275066436,624.655509309438,747.758934669842,510.017403130995,421.379959018199,480.089018374212,498.869639023484,413.831737389271,519.797576447131,639.144294257313,614.28505503957,552.010350974096,800.979719332034,552.471231619413,784.3527194862,601.75855678412,612.776690967246,729.349936945453,-0.357337291089862,-0.22853282012505,0.0731069761058587,0.261470013879389,0.312307692307692,1,0.0722017679640524,0.460080366659829,"Nifedipine","EGR1_2068","EGR1",0.147024572639492,0.366978970475437,0.425304606240713,1,0.13978644382015,0.872196639658773,"Nifedipine/EGR1_2068"
"77",13.2810395317934,17.9885195798405,29.4173308034887,12.747212938465,13.8210926263189,5.33096189990396,12.7060698197772,10.8249845692881,10.8487067435454,14.3512148450778,17.9000208299344,17.8198851696372,14.9728919448091,16.4837431201446,14.5959768993287,8.97196178621725,16.9099635902178,19.5656416609382,24.7363109411907,13.6298852092369,19.6158298611927,9.86555770748952,24.4156488556015,10.8533607436014,20.3668553356165,19.1059778470904,0.447880967555573,0.237156700129769,0.0217621464367229,0.243400830704695,0.312307692307692,0.333333333333333,0.022587038481758,0.150245487448281,"Nifedipine","EPHB2_2194","EPHB2",0.0571443851233959,0.346661789185475,0.425304606240713,0.89067055393586,0.0562593469134284,0.872196639658773,"Nifedipine/EPHB2_2194"
"78",56.2863103966481,47.5825356628038,69.67262558721,31.2886135762322,56.9103814024895,24.5224247395582,49.9167028634105,44.8463646441936,47.0110625553633,41.5429903410146,44.4613420614501,57.7610071015826,42.7796912708831,35.0279541303073,52.6497738154357,49.9065374358335,44.8481643044908,36.9573231373276,45.349903392183,64.7419547438755,48.2222484087653,64.1261250986819,45.7793416042529,41.0015850313829,63.7571123549735,44.0268185172084,0.379890158964198,0.335715328755128,0.0555858007372507,0.0936023620726237,0.113076923076923,1,0.055820461799351,0.589140333673249,"Nifedipine","ERO1L_2227","ERO1L",0.1196411690399,0.163714818396106,0.191739130434783,1,0.114376582169965,0.87437901109382,"Nifedipine/ERO1L_2227"
"79",8.85402635452892,3.48164895093687,13.1603848331397,5.79418769930226,7.31704903746294,3.19857713994237,6.35303490988861,1.54642636704116,9.04058895295449,3.02130838843743,4.61936021417663,3.07239399476503,2.85197941805887,0,7.29798844966435,6.16822372802436,2.94086323308136,0,4.12271849019845,6.81494260461847,4.0866312210818,2.46638942687238,11.190505725484,4.82371588604505,12.3972162912449,9.13764157904326,0.353440043390054,0.270466474828533,0.0765210572345829,0.181433763231509,0.199024650226364,1,0.0695797594299259,0.70709458870404,"Nifedipine","FGFR2_2417","FGFR2",0.151964353099665,0.276567138631212,0.306307459164504,1,0.135908851567241,0.913592894732472,"Nifedipine/FGFR2_2417"
"80",20.2377745246375,14.5068706289036,23.22420852907,13.9060504783254,13.0080871777119,13.8605009397503,17.2439518982691,15.4642636704116,8.13653005765904,9.81925226242164,15.5903407228461,15.3619699738252,17.1118765083532,18.5442110101627,16.1598315671139,13.4579426793259,8.08737389097375,15.2177212918408,16.4908739607938,10.2224139069277,8.17326244216361,11.0987524209257,16.2770992370677,18.0889345726689,25.6799480318643,13.2911150240629,0.382908040181336,0.329555414466043,0.0535144086515243,0.100162950037827,0.113076923076923,1,0.0530641509141314,0.781133142136027,"Nifedipine","GAA_2549","GAA",0.116498706720005,0.17142734586306,0.191739130434783,1,0.110120531037879,0.943779208396276,"Nifedipine/GAA_2549"
"81",45.5349926804344,54.5458335646776,29.4173308034887,75.3244400909293,58.5363922997035,75.6996589786362,58.0848906046959,81.9605974531814,70.516593833045,44.5642987294521,44.4613420614501,66.9781890858777,67.0215163243835,47.3907614704158,60.9903320436235,56.0747611638578,57.3468330450866,69.5667259055579,70.0862143333737,47.7045982323293,38.414333478169,43.1618149702667,38.6581106880358,60.2964485755632,48.7033497156048,49.010986651232,-0.3979539239189,-0.335715328755128,0.0440713576408543,0.0936023620726238,0.113076923076923,1,0.0393834106127481,0.563625115718024,"Nifedipine","GEN1_12237","GEN1",0.100261748722241,0.163714818396106,0.191739130434783,1,0.088549640250942,0.874086986211005,"Nifedipine/GEN1_12237"
"82",82.21595900634,80.0779258715479,119.217603782559,70.6890899314875,82.1135503093063,100.222083718194,56.2697377732991,32.4749537078643,56.9557104036133,83.0859806820293,79.1065436677748,77.4243286680788,70.5864905969571,70.0559082606146,77.6714484999991,91.4018606970882,57.3468330450866,58.6969249828145,37.1044664117861,44.2971269300201,91.5405393522324,94.9559929345867,77.3162213760716,98.8861756639236,89.4370603868379,94.6991945464483,0.39880141063294,0.291363945873717,0.0435814777135931,0.14869541883845,0.182307692307692,1,0.0424187022091111,0.36427136538486,"Nifedipine","GHR_2644","GHR",0.099795008078242,0.236596096120555,0.281051303616484,1,0.0935769360291445,0.872196639658773,"Nifedipine/GHR_2644"
"83",14.5459004395832,34.8164895093687,19.3535071075583,3.47651261958135,5.69103814024895,9.59573141982712,12.7060698197772,9.27855820224695,8.13653005765904,12.0852335537497,26.5613212315156,25.1936307570733,16.3988816538385,0,16.1598315671139,19.0654187957117,16.1747477819475,19.5656416609382,8.24543698039691,13.6298852092369,19.6158298611927,16.0315312746705,30.5195610695019,15.6770766296464,15.0537626393688,15.7831990910747,0.349988398896424,0.275348168722096,0.0796451517901861,0.17337344862926,0.210769230769231,1,0.0776877845994538,0.854249148354097,"Nifedipine","GTF2H2B_18022","GTF2H2B",0.156138570300974,0.266829161492387,0.315637254901961,1,0.14748081054772,0.961190255652732,"Nifedipine/GTF2H2B_18022"
"84",137.869838949093,159.57557691794,237.661067280816,103.13654104758,169.105133310255,126.876893217714,83.4970302442503,100.517713857675,156.402188886113,170.703923946715,177.8453682458,147.474911748722,124.774099540076,119.507137621048,161.598315671139,178.878488112706,122.781039981147,123.915730519275,131.926991686351,119.261495580823,202.696908565657,145.51697618547,179.048091607745,197.772351327847,169.133450830555,157.831990910747,0.431762770471117,0.218676957262515,0.027627715467196,0.283156232461258,0.352307692307692,0.333333333333333,0.0276880715675454,0.200730998195444,"Nifedipine","HADHA_2875","HADHA",0.0689001393896194,0.38907449332945,0.465930735930736,0.89067055393586,0.066603087222753,0.872196639658773,"Nifedipine/HADHA_2875"
"85",763.343557851172,793.815960813605,872.45610040873,672.125773119062,744.712990924006,648.244967028321,625.320150416179,502.588569288376,652.730522403314,685.081677078187,833.217098632109,926.634028821134,619.59252857329,578.99147709508,695.39404227516,694.766290820198,732.27494503726,715.232900716517,606.039618059173,681.494260461847,782.998541959274,865.702688832206,832.166698495086,809.178339884058,695.129627759087,765.900503261626,0.355168840723843,0.354195071622383,0.074991890522246,0.0758503159865741,0.0946153846153846,0.333333333333333,0.0745546226380137,0.158873643929803,"Nifedipine","HSPD1_3152","HSPD1",0.149413190573127,0.139451985158867,0.169035087719298,0.89067055393586,0.142302084078644,0.872196639658773,"Nifedipine/HSPD1_3152"
"86",9.48645680842384,23.7912678314019,25.546629381977,9.27070031888361,16.2601089721399,9.59573141982712,14.521222651174,3.09285273408232,14.4649423247272,15.1065419421871,23.6742210976552,12.2895759790601,7.12994854514718,2.06046789001808,3.64899422483217,11.7756998444101,17.6451793984882,10.8698009227434,16.4908739607938,6.81494260461847,13.0772199074618,13.5651418477981,14.2424618324342,4.82371588604505,7.96963904437169,19.1059778470904,0.522734505129431,0.333251363039494,0.00614755626831018,0.0961867329037795,0.133846153846154,0.333333333333333,0.00497239407949612,0.269801820032828,"Nifedipine","KCTD5_3534","KCTD5",0.0216285424948418,0.16711875015415,0.219445438282648,0.89067055393586,0.0178924672204819,0.872196639658773,"Nifedipine/KCTD5_3534"
"87",92.3348462686588,109.091667129355,129.28142747849,81.1186277902316,114.633768253586,108.751622758041,78.0515717500601,74.2284656179756,101.25459627309,98.1925226242164,103.358184792202,103.232438224105,89.8373516688545,78.2977798206869,76.1075938322139,85.7943845807025,91.9019760337926,86.9584073819474,65.9634958431753,112.446552976205,104.617759259694,122.086276630183,100.714551529356,91.650601834856,80.5819058930916,92.2071104794365,0.460168752648493,0.359123003053651,0.0180080470227872,0.0715821624012661,0.0946153846153846,0.333333333333333,0.014831243213952,0.0341189218118871,"Nifedipine","KIAA1033_3574","KIAA1033",0.0493404337709552,0.133751379899613,0.169035087719298,0.89067055393586,0.0401908380921291,0.867280194891989,"Nifedipine/KIAA1033_3574"
"88",142.296852126358,132.882934960757,176.503984820932,112.407241366464,131.706882674333,142.869778917426,138.859191601851,134.539093932581,131.08853981784,153.3314007132,135.116286264666,108.148268615729,151.867904011635,109.204798170958,130.842507204697,145.79437902603,146.307945845798,108.698009227434,111.313399235358,149.928737301606,153.657333912676,165.248091600449,118.008969468741,123.004755094149,130.170771058071,127.096287417602,0.402955543093954,0.259332391570475,0.0412421244051605,0.200781710319452,0.241538461538462,1,0.0390407118343539,0.46480672747413,"Nifedipine","KNSTRN_3668","KNSTRN",0.0961791527158514,0.29945718064732,0.350546318289786,1,0.0878916538219556,0.872196639658773,"Nifedipine/KNSTRN_3668"
"89",88.5402635452892,122.437988107946,123.088305204071,60.2595520727435,61.7884140941315,89.5601599183864,71.6985368401714,58.764201947564,83.1734183671813,97.4371955271071,109.709805086695,113.064099007353,79.8554237056485,49.4512293604339,93.3099951778513,101.495317706583,69.110285977412,89.1323675664961,86.5770882941675,51.1120695346385,116.060326678723,118.386692489874,128.182156491908,95.2683887493898,107.147369374331,101.34475205848,0.381367022495147,0.329555414466043,0.0545644519814752,0.100162950037827,0.133846153846154,0.333333333333333,0.0474867880172551,0.322857703794026,"Nifedipine","LEPROTL1_21732","LEPROTL1",0.118222979293196,0.17142734586306,0.219445438282648,0.89067055393586,0.102064626387148,0.872196639658773,"Nifedipine/LEPROTL1_21732"
"90",15.1783308934782,23.7912678314019,17.8052265389537,3.47651261958135,15.4471035235329,8.52953903984633,8.16818774128535,1.54642636704116,10.8487067435454,3.77663548554679,15.5903407228461,15.3619699738252,11.4079176722355,8.24187156007231,16.6811164563757,11.7756998444101,11.7634529323255,15.2177212918408,0,6.81494260461847,19.6158298611927,19.731115414979,21.3636927486514,19.2948635441802,16.824793538118,10.7990309570511,0.360732692522214,0.336947311612945,0.0702286559508232,0.0923298878920064,0.113076923076923,1,0.0656962992146216,0.807664837559116,"Nifedipine","LPGAT1_3859","LPGAT1",0.143032362619843,0.162888050535176,0.191739130434783,1,0.130648585980607,0.951223119683363,"Nifedipine/LPGAT1_3859"
"91",39.8431185953801,71.3738034942057,68.8984853029077,24.3355883370695,28.4551907012448,18.1252704596734,21.7818339767609,34.0213800749055,24.4095901729771,24.9257942046088,69.8678232394215,41.7845583288045,29.2327890351035,22.6651467901989,30.2345235771809,40.3738280379776,34.555142988706,41.305243506425,41.2271849019845,27.2597704184739,71.9247094910397,40.6954255433943,61.0391221390039,42.2075140028942,43.390257019357,38.2119556941809,0.523788616800631,0.3554270544802,0.00602677074706964,0.07476551227732,0.0946153846153846,1,0.00858886383040352,0.378308808808383,"Nifedipine","LSS_14888","LSS",0.0212451098738035,0.138150387101137,0.169035087719298,1,0.0266467224137607,0.872196639658773,"Nifedipine/LSS_14888"
"92",60.7133235739126,41.1995125860862,45.6742767738377,56.7830394531621,77.2355176176643,59.7067732789243,71.6985368401714,61.8570546816463,51.5313570318406,54.3835509918737,50.2355423291708,63.9057950911127,54.1876089431186,47.3907614704158,50.5646342583887,61.121489668605,80.1385231014672,52.1750444291684,61.8407773529768,85.1867825577309,40.0489859666017,65.3593198121181,56.969847329737,61.5023775470744,71.7267513993452,44.8575132062123,-0.351304361467098,-0.325859465892592,0.0784428313903727,0.104260508967298,0.133846153846154,1,0.0734562076252504,0.473807748285089,"Nifedipine","LYRM1_3916","LYRM1",0.154111157490411,0.17744615871593,0.219445438282648,1,0.14094042671542,0.872196639658773,"Nifedipine/LYRM1_3916"
"93",72.7295021979161,125.339362233727,143.990092880234,74.1656025510689,93.4956265898042,79.9644284985593,83.4970302442503,41.7535119101113,60.5719459847951,88.3732703617948,103.358184792202,82.9546378586559,65.5955266153541,80.358247710705,74.5437391644287,77.3831704061238,81.6089547180079,39.1312833218763,61.8407773529768,102.224139069277,103.800433015478,127.019055483928,115.974332064107,102.503962578457,109.803915722454,93.0378051684404,0.513172544135694,0.272884203006462,0.00733936403952679,0.177409874497572,0.241538461538462,0.333333333333333,0.00772577634181448,0.170927382613588,"Nifedipine","MAPK12_25181","MAPK12",0.0247754222549772,0.271445993283848,0.350546318289786,0.89067055393586,0.0245769261888156,0.872196639658773,"Nifedipine/MAPK12_25181"
"94",5.69187408505431,20.8898937056212,22.4500682447677,10.4295378587441,10.5690708318909,5.33096189990396,2.72272924709512,6.18570546816463,8.13653005765904,12.8405606508591,17.3226008031624,9.2171819842951,12.1209125267502,12.3628073401085,9.90441289597305,6.72897133966294,8.82258969924409,2.17396018454868,12.3681554705954,13.6298852092369,6.53860995373089,11.0987524209257,17.2944179393844,7.23557382906758,10.6261853924956,12.460420335059,0.57959221907374,0.259332391570475,0.00191510557491563,0.200781710319452,0.275384615384615,0.333333333333333,0.00411493179658004,0.279626861551921,"Nifedipine","MAPK3_4002","MAPK3",0.00923786452321144,0.29945718064732,0.386804597701149,0.89067055393586,0.0155674538566038,0.872196639658773,"Nifedipine/MAPK3_4002"
"95",29.0918008791665,38.8784132854617,42.5777156366284,26.6532634167904,22.7641525609958,29.8533866394621,18.1515283139675,43.2999382771524,29.8339435447498,22.6598129132807,36.954881713413,31.3384187466033,29.9457838896182,45.3302935803977,25.5429595738252,39.813080426339,28.6734165225433,19.5656416609382,32.9817479215876,20.4448278138554,24.5197873264908,18.4979207015429,28.4849236648685,22.912650458714,24.7944325824897,32.3970928711534,0.416885590828261,0.324627483034775,0.0341150031904644,0.105653662949188,0.133846153846154,0.333333333333333,0.0262803003431841,0.162297036643059,"Nifedipine","MBTPS1_4066","MBTPS1",0.0823884069145207,0.178986288526674,0.219445438282648,0.89067055393586,0.0640058355098908,0.872196639658773,"Nifedipine/MBTPS1_4066"
"96",96.1294289920283,77.7568265709233,66.5760644500007,115.883753986045,118.698795496621,102.354468478156,126.153121782074,102.064140224716,102.158655168386,80.8199993907012,79.6839636945468,74.3519346733138,100.532274486575,105.083862390922,102.693123184563,99.2523272600283,87.4906811841706,113.045929596532,78.3316513137706,102.224139069277,66.2034257815252,92.4896035077143,63.0737595436373,86.826885948811,100.063245779333,102.175446747484,-0.378019935421988,-0.339411277328579,0.0569004958059572,0.0898239905007978,0.113076923076923,0.333333333333333,0.0531162242534646,0.0888626190325084,"Nifedipine","MRE11A_25911","MRE11A",0.121560150130909,0.160132442982675,0.191739130434783,0.89067055393586,0.110120531037879,0.872196639658773,"Nifedipine/MRE11A_25911"
"97",210.599341147009,124.178812583415,140.119391458722,322.156836081205,249.592672722347,255.88617119539,220.541069014705,351.038785318343,272.12172748393,211.49158719062,138.580806425299,184.958118484855,254.539163061755,344.098137633019,214.248089486575,223.177549432154,293.351107499866,300.006505467718,218.504079980518,184.003450324699,115.243000434507,165.248091600449,102.74918893399,170.035984983088,186.843759818047,207.673672250983,-0.351345809032767,-0.336947311612945,0.0784051888883484,0.0923298878920066,0.113076923076923,1,0.0756010802816027,0.444224476773005,"Nifedipine","MRPL13_4261","MRPL13",0.154111157490411,0.162888050535176,0.191739130434783,1,0.143830440925779,0.872196639658773,"Nifedipine/MRPL13_4261"
"98",54.3890190349634,90.5228727243585,89.0261326947684,32.4474511160926,51.2193432622406,40.5153104392701,62.6227726831877,30.9285273408232,48.8191803459542,55.8942051860924,62.3613628913845,74.9664134722668,55.613598652148,63.8745045905604,59.9477622651,53.8317707173035,40.4368694548688,39.1312833218763,32.9817479215876,47.7045982323293,77.6459932005543,62.8929303852457,81.3854961853385,62.7083065185857,57.5585042093511,62.3021016752949,0.547123036382113,0.361586968769285,0.00382099090240598,0.0695183641038625,0.0946153846153846,1,0.00317136836930732,0.35664309604503,"Nifedipine","MRPL19_4268","MRPL19",0.0150411145862384,0.130694524515261,0.169035087719298,1,0.0128316194850315,0.872196639658773,"Nifedipine/MRPL19_4268"
"99",75.8916544673908,44.6811615370231,55.738100469768,45.1946640545576,82.1135503093063,65.0377351788282,79.8667245814568,77.3213183520579,75.0368883095222,89.1285974589041,69.8678232394215,79.2677650649378,94.1153207959428,70.0559082606146,108.948541855704,79.0654132410395,53.6707540037349,60.8708851673632,57.7180588627783,64.7419547438755,85.0019293985015,117.153497776438,72.2296278644879,74.7675962336983,60.215050557475,93.8684998574444,-0.364259276044386,-0.341875243044213,0.0673320559865382,0.0873696621633837,0.113076923076923,1,0.0648194057284173,0.560534038671983,"Nifedipine","MSMO1_4315","MSMO1",0.13820790439342,0.156701165112997,0.191739130434783,1,0.129197362609649,0.874086986211005,"Nifedipine/MSMO1_4315"
"100",5.69187408505431,22.0504433559335,20.901787676163,8.11186277902316,7.31704903746294,10.6619237998079,7.26061132558698,7.73213183520579,13.5608834294317,4.53196258265614,31.1806814456922,7.98822438638909,11.4079176722355,10.3023394500904,7.29798844966435,4.48598089310862,6.61694227443307,10.8698009227434,4.12271849019845,6.81494260461847,18.7985036169763,12.3319471343619,28.4849236648685,10.8533607436014,11.5117008418702,12.460420335059,0.337089437732211,0.191573334390541,0.0921839310205052,0.348492337420452,0.441538461538462,1,0.0735201770337839,0.373401816861992,"Nifedipine","NCK2_4492","NCK2",0.175283346017205,0.460884887800641,0.555865384615385,1,0.14094042671542,0.872196639658773,"Nifedipine/NCK2_4492"
"101",4.42701317726446,12.185771328279,13.1603848331397,3.47651261958135,7.31704903746294,4.26476951992316,4.53788207849186,4.63927910112348,11.7527656388408,5.2872896797655,9.23872042835326,9.83166078324811,8.55593825417662,4.12093578003615,8.34055822818783,6.16822372802436,3.6760790413517,10.8698009227434,16.4908739607938,10.2224139069277,5.72128370951453,6.16597356718095,7.12123091621712,10.8533607436014,7.96963904437169,7.47625220103539,0.356426383404376,0.24085264870322,0.0738943101421199,0.235914750047952,0.312307692307692,0.333333333333333,0.0644083736021143,0.26839717577209,"Nifedipine","NDUFV3_18809","NDUFV3",0.148030896710935,0.339962057262496,0.425304606240713,0.89067055393586,0.128670198003769,0.872196639658773,"Nifedipine/NDUFV3_18809"
"102",164.43191801268,116.054965031229,119.991744066862,130.948642004231,158.536062478364,157.796472237157,137.044038770454,153.096210337075,159.114365571999,181.278503306246,145.509846746564,165.294796918359,147.589934884547,173.079302761518,182.449711241609,147.476621860946,136.750140338283,165.2209740257,103.067962254961,139.706323394679,150.38802893581,176.346844021375,152.59780534751,139.887760695307,154.079688191186,179.430052824849,-0.423960844568043,-0.283972048726815,0.0308927400654411,0.159752691504137,0.210769230769231,1,0.0285567941163408,0.380017993685536,"Nifedipine","NME1_4611","NME1",0.0755018567199381,0.250707776992366,0.315637254901961,1,0.068598810490143,0.872196639658773,"Nifedipine/NME1_4611"
"103",211.864202054799,249.518174817142,279.464642633142,114.724916446185,167.479122413041,167.392203656984,148.842532174533,117.528403895128,140.129128770795,182.033830403355,235.587370923008,193.560821670197,184.665667319312,119.507137621048,181.928426352347,221.495306597238,155.130535545042,141.307411995664,239.11767243151,218.078163347791,259.909745660803,256.504500394728,269.589456113934,239.979865330741,253.257418521145,238.409375744129,0.388206904840485,0.34310722590203,0.0500237887102395,0.0861616482111866,0.113076923076923,0.333333333333333,0.0387544064294353,0.0418463577127868,"Nifedipine","NPDC1_4650","NPDC1",0.110474222537191,0.154989500658592,0.191739130434783,0.89067055393586,0.0874713852057692,0.867280194891989,"Nifedipine/NPDC1_4650"
"104",8.85402635452892,19.1490692301528,17.0310862546513,6.95302523916271,8.13005448606993,6.39715427988475,6.35303490988861,4.63927910112348,7.23247116236359,7.55327097109357,21.941961017339,9.83166078324811,5.70395883611775,6.18140367005423,8.34055822818783,10.654204621133,7.35215808270341,2.17396018454868,8.24543698039691,3.40747130230924,23.7024610822745,9.86555770748952,25.4329675579183,14.4711476581352,13.2827317406195,8.30694689003932,0.323344077996267,0.335715328755128,0.107119610678426,0.0936023620726237,0.113076923076923,1,0.0781005798140037,0.458138533705011,"Nifedipine","PAF1_4900","PAF1",0.198534121712391,0.163714818396106,0.191739130434783,1,0.148104339258521,0.872196639658773,"Nifedipine/PAF1_4900"
"105",5.05944363115938,11.6054965031229,12.3862445488373,3.47651261958135,5.69103814024895,3.19857713994237,3.63030566279349,0,8.13653005765904,6.79794387398421,8.0838803748091,9.83166078324811,6.41695369063247,2.06046789001808,5.21284889261739,7.28971895130152,2.20564742481102,4.34792036909737,0,3.40747130230924,4.90395746529816,18.4979207015429,6.10391221390039,7.23557382906758,5.3130926962478,8.30694689003932,0.406228355514928,0.329611763173725,0.0394700876916022,0.10010142241146,0.127222136355044,0.333333333333333,0.0380065218978049,0.271472476088917,"Nifedipine","PAK1_4912","PAK1",0.0929931500497517,0.17142734586306,0.215326108900088,0.89067055393586,0.0860471650151141,0.872196639658773,"Nifedipine/PAK1_4912"
"106",220.085797955433,230.949380412145,270.174959221514,170.349118359486,217.072454778067,175.921742696831,196.036505790849,170.106900374527,188.044250221453,228.864110424135,272.542252636421,260.539010756075,210.333482081842,162.776963311428,202.779821922817,242.242968227866,225.711253138995,163.047013841151,144.295147156946,228.300577254719,211.687497252037,202.243933003535,237.035257639798,220.685001786561,232.005047736154,221.79548196405,0.374084178232115,0.309843688740971,0.0597461576828455,0.123465404204682,0.156923076923077,0.333333333333333,0.0575274785779046,0.20114722161277,"Nifedipine","PAPOLA_28387","PAPOLA",0.12559026035855,0.203518062866172,0.249470945359931,0.89067055393586,0.116784106800926,0.872196639658773,"Nifedipine/PAPOLA_28387"
"107",228.939824309962,171.181073421063,197.405772497095,289.709384965113,277.234857974985,230.297554075851,253.213819979846,292.274583370779,287.490728703953,293.066913678431,195.167969048963,258.695574359216,245.983224807578,245.195678912151,193.917978805367,195.700916461864,285.263733608892,326.094027682303,329.817479215876,327.117245021687,170.821185041219,230.607411412568,186.169322523962,195.360493384825,235.547109533652,217.64200851903,-0.349713962893729,-0.33078739732386,0.079897644934911,0.0988241585786228,0.113076923076923,1,0.0751814251739394,0.632911828220963,"Nifedipine","PGM1_5095","PGM1",0.156299234968721,0.169929345848608,0.191739130434783,1,0.143342652123168,0.890847002475585,"Nifedipine/PGM1_5095"
"108",3.79458272336954,17.9885195798405,16.256945970349,2.3176750797209,4.87803269164196,2.13238475996158,3.63030566279349,4.63927910112348,4.52029447647724,6.04261677687486,11.5484005354416,5.53030919057706,6.41695369063247,2.06046789001808,1.56385466778522,7.85046656294009,2.94086323308136,10.8698009227434,4.12271849019845,0,6.53860995373089,2.46638942687238,11.190505725484,1.20592897151126,3.54206179749853,7.47625220103539,0.670708477219155,0.361586968769285,0.000177000906097642,0.0695183641038625,0.0946153846153846,1,0.00243449261471696,0.404661197544836,"Nifedipine","PLEKHM1_5194","PLEKHM1",0.00160615178651969,0.130694524515261,0.169035087719298,1,0.0107142549558731,0.872196639658773,"Nifedipine/PLEKHM1_5194"
"109",10.1188872623188,2.32109930062458,5.41898199011634,4.6353501594418,8.13005448606993,8.52953903984633,6.35303490988861,6.18570546816463,8.13653005765904,11.3299064566404,9.23872042835326,7.98822438638909,7.8429433996619,10.3023394500904,8.86184311744957,15.1401855142416,9.55780550751443,8.69584073819474,8.24543698039691,23.8522991161647,14.7118723958945,16.0315312746705,12.2078244278008,12.0592897151126,16.824793538118,14.1218097130669,-0.380666527079188,-0.344339208759847,0.0550470495178995,0.084966300155061,0.113076923076923,1,0.048747149424655,0.591505713996911,"Nifedipine","PSAT1_10692","PSAT1",0.118987313403667,0.15359292720338,0.191739130434783,1,0.103631954466942,0.87437901109382,"Nifedipine/PSAT1_10692"
"110",118.264494878351,146.809530764504,181.922966811048,161.078418040603,112.194751907765,109.817815138021,127.968274613471,125.260535730334,135.608834294317,125.384298120153,137.425966371755,100.16004422934,34.9367478712212,162.776963311428,38.5750818053687,35.887847144869,113.223234473633,158.699093472054,136.049710176549,139.706323394679,37.5970072339526,80.1576563733524,73.2469465668047,61.5023775470744,60.215050557475,32.3970928711534,0.398554228297157,0.359123003053651,0.0437239120268284,0.0715821624012661,0.0946153846153846,0.333333333333333,0.0317655796876497,0.0378799965963084,"Nifedipine","PSEN1_5495","PSEN1",0.0999325819765293,0.133751379899613,0.169035087719298,0.89067055393586,0.0743738105753506,0.867280194891989,"Nifedipine/PSEN1_5495"
"111",104.351024892662,74.2751776199865,75.0916075773264,121.677941685347,95.1216374870182,108.751622758041,91.6652179855356,134.539093932581,85.8855950530676,72.5114013224983,94.6968843906209,95.244213837716,160.423842265812,94.7815229408316,91.7461405100661,87.4766274156182,120.575392556336,117.393849965629,115.436117725557,81.7793112554217,86.6365818869342,91.2564087942781,104.783826338623,101.298033606946,119.544585665575,119.620035216566,-0.367732579967511,-0.328323431608226,0.0645699937835032,0.101515224165734,0.133846153846154,1,0.056395666724615,0.348502600334127,"Nifedipine","PSME2_5535","PSME2",0.133454070592112,0.17357966967891,0.219445438282648,1,0.115018340033013,0.872196639658773,"Nifedipine/PSME2_5535"
"112",6.32430453894923,24.9518174817142,18.579366823256,3.47651261958135,3.25202179442797,3.19857713994237,3.63030566279349,4.63927910112348,0,7.55327097109357,25.9839012047435,11.6750971801071,7.8429433996619,0,9.90441289597305,11.7756998444101,11.7634529323255,2.17396018454868,12.3681554705954,3.40747130230924,18.7985036169763,14.7983365612343,8.13854961853385,10.8533607436014,14.1682471899941,6.64555751203146,0.444108191753496,0.296342538479554,0.0230347689615742,0.141563290356383,0.172376827507898,1,0.0233141813066029,0.551853888139256,"Nifedipine","PXN_5642","PXN",0.0598283668482357,0.226624900631659,0.273564263915132,1,0.0574995819865094,0.874086986211005,"Nifedipine/PXN_5642"
"113",5.05944363115938,11.0252216779667,12.3862445488373,4.6353501594418,4.06502724303497,4.26476951992316,2.72272924709512,3.09285273408232,7.23247116236359,7.55327097109357,9.23872042835326,4.91583039162405,4.27796912708831,2.06046789001808,6.77670356040261,10.654204621133,5.88172646616273,10.8698009227434,4.12271849019845,6.81494260461847,11.4425674190291,9.86555770748952,8.13854961853385,4.82371588604505,8.85515449374633,6.64555751203146,0.442317629949188,0.346803174475481,0.0236595585143564,0.0826132974218992,0.113076923076923,0.333333333333333,0.0136993116718311,0.221594324081283,"Nifedipine","PYGL_5647","PYGL",0.0610816489532609,0.14993086551915,0.191739130434783,0.89067055393586,0.0378167702206002,0.872196639658773,"Nifedipine/PYGL_5647"
"114",288.388286976085,191.490692301528,237.661067280816,152.96655526158,198.373329460106,174.85555031685,145.21222651174,134.539093932581,169.963072315544,213.757568481948,203.829269450544,193.560821670197,223.880384317622,148.353688081302,175.151722791944,207.476616306274,195.567404999911,147.829292549311,127.804273196152,160.151151208534,196.975624856143,239.239774406621,188.203959928595,207.419783099937,199.240976109292,199.366725360944,0.386630359002748,0.341875243044213,0.0510431238646004,0.0873696621633839,0.0946153846153846,1,0.050886712885437,0.649385858749375,"Nifedipine","RAD21_5698","RAD21",0.112184707486586,0.156701165112997,0.169035087719298,1,0.107014452487218,0.897064061338014,"Nifedipine/RAD21_5698"
"115",5.69187408505431,3.48164895093687,2.322420852907,8.11186277902316,4.87803269164196,8.52953903984633,8.16818774128535,6.18570546816463,5.42435337177269,3.77663548554679,2.30968010708831,6.75926678848307,4.99096398160303,8.24187156007231,3.12770933557044,8.97196178621725,4.41129484962205,4.34792036909737,8.24543698039691,3.40747130230924,5.72128370951453,6.16597356718095,2.03463740463346,4.82371588604505,5.3130926962478,6.64555751203146,-0.358241739978871,-0.279044117295547,0.0723315934088991,0.167439939984301,0.210769230769231,0.333333333333333,0.0683174708313056,0.113430894351865,"Nifedipine","RBX1_5781","RBX1",0.14585677746811,0.260320110255491,0.315637254901961,0.89067055393586,0.133740779018699,0.872196639658773,"Nifedipine/RBX1_5781"
"116",3.79458272336954,11.6054965031229,9.289683411628,3.47651261958135,6.50404358885594,2.13238475996158,1.81515283139675,6.18570546816463,1.8081177905909,6.04261677687486,11.5484005354416,3.07239399476503,2.85197941805887,0,5.73413378187913,5.60747611638578,1.47043161654068,4.34792036909737,4.12271849019845,0,10.6252411748127,2.46638942687238,15.259780534751,3.61778691453379,6.19860814562243,1.66138937800786,0.358620607062979,0.323450795637767,0.0720086697140144,0.106997142708304,0.127222136355044,1,0.0557060334366413,0.519727378005404,"Nifedipine","RFC2_5805","RFC2",0.145365519367608,0.180868252992861,0.215326108900088,1,0.114275461115353,0.872196639658773,"Nifedipine/RFC2_5805"
"117",17.0756222551629,31.3348405584318,33.2880322250004,17.3825630979068,19.5121307665678,22.3900399795966,15.4287990668723,6.18570546816463,21.6974134870908,19.6385045248433,17.9000208299344,31.3384187466033,10.6949228177208,14.4232752301265,21.3726804597313,24.1121473004589,16.1747477819475,19.5656416609382,12.3681554705954,17.0373565115462,21.2504823496254,27.1302836955962,26.450286260235,33.7660112023154,18.5958244368673,20.7673672250983,0.459064701157376,0.269188254433011,0.0183219989239157,0.183586553952876,0.241538461538462,0.333333333333333,0.0177665847237267,0.262942671324449,"Nifedipine","SEC11A_6181","SEC11A",0.0501257075037873,0.278571319036112,0.350546318289786,0.89067055393586,0.0462194411479467,0.872196639658773,"Nifedipine/SEC11A_6181"
"118",24.664787701902,28.4334664326511,34.836312793605,15.0648880181859,12.1950817291049,25.588617119539,21.7818339767609,24.7428218726585,18.9852368012044,21.9044858161714,35.8000416598689,27.6515459528853,14.9728919448091,28.8465504602531,5.21284889261739,7.28971895130152,27.2029849060026,32.6094027682303,32.9817479215876,23.8522991161647,8.17326244216361,17.2647259881067,18.3117366417012,9.6474317720901,14.1682471899941,7.47625220103539,0.379739648071351,0.3554270544802,0.0556907198895085,0.07476551227732,0.0946153846153846,0.333333333333333,0.0485112717411169,0.0944868567315054,"Nifedipine","SEC62_18636","SEC62",0.119673024100198,0.138150387101137,0.169035087719298,0.89067055393586,0.103617567396814,0.872196639658773,"Nifedipine/SEC62_18636"
"119",9.48645680842384,8.70412237734216,17.8052265389537,9.27070031888361,5.69103814024895,6.39715427988475,6.35303490988861,10.8249845692881,5.42435337177269,6.79794387398421,8.66130040158118,7.37374558743608,2.85197941805887,10.3023394500904,7.29798844966435,8.41121417457867,2.94086323308136,4.34792036909737,4.12271849019845,13.6298852092369,11.4425674190291,8.63236299405333,10.1731870231673,7.23557382906758,12.3972162912449,12.460420335059,0.485270760360821,0.322163517319141,0.0119749201236432,0.108481349354645,0.133846153846154,1,0.0146283916695882,0.382754674455531,"Nifedipine","SLC1A2_24387","SLC1A2",0.0358149651090304,0.181927093656966,0.219445438282648,1,0.0398255128244912,0.872196639658773,"Nifedipine/SLC1A2_24387"
"120",20.8702049785325,19.1490692301528,27.869050234884,17.3825630979068,11.3820762804979,14.9266933197311,15.4287990668723,20.1035427715351,10.8487067435454,17.3725232335152,24.8290611511994,21.5067579633552,18.5378662173827,26.786082570235,20.3301106812078,16.8224283491573,12.4986687405958,19.5656416609382,12.3681554705954,10.2224139069277,20.433156105409,19.731115414979,12.2078244278008,20.5007925156915,24.7944325824897,16.6138937800786,0.390446248697166,0.334483345897311,0.0486034336476035,0.0948879524159649,0.113076923076923,1,0.0453052140130238,0.452651982842793,"Nifedipine","SLC25A14_6397","SLC25A14",0.107987992577039,0.165489644889119,0.191739130434783,1,0.098460341345136,0.872196639658773,"Nifedipine/SLC25A14_6397"
"121",84.7456808219197,293.619061529009,260.885275809886,44.0358265146971,44.7152996733846,44.7800799591932,69.8833840087747,55.6713492134817,90.4058895295449,76.2880368080451,386.871417937293,94.629735038763,59.1785729247216,59.7535688105242,75.5863089429522,77.9439180177624,59.5524804698976,69.5667259055579,86.5770882941675,54.5195408369478,308.949320313784,96.1891876480229,341.819083978422,78.3853831482321,84.1239676905901,78.0853007663696,0.409198999546561,0.350499123048932,0.0379145065726955,0.0791768792297237,0.0946153846153846,1,0.051687196078654,0.426412284548006,"Nifedipine","SPTAN1_6727","SPTAN1",0.0897897810694455,0.144553007597693,0.169035087719298,1,0.108438131797033,0.872196639658773,"Nifedipine/SPTAN1_6727"
"122",22.7674963402172,24.9518174817142,33.2880322250004,11.5883753986045,18.6991253179608,17.0590780796927,16.3363754825707,7.73213183520579,18.081177905909,21.9044858161714,23.6742210976552,29.4949823497443,13.5469022357797,12.3628073401085,18.7662560134226,27.4766329702903,19.1156110150289,26.0875222145842,24.7363109411907,10.2224139069277,22.8851348380581,14.7983365612343,28.4849236648685,22.912650458714,17.7103089874927,24.920840670118,0.443639735316764,0.357891020195834,0.0231969202371922,0.0726315136498432,0.0946153846153846,0.333333333333333,0.0192844268648597,0.207277751905249,"Nifedipine","SRSF7_6776","SRSF7",0.0601413787761998,0.135160979208287,0.169035087719298,0.89067055393586,0.0493636349485331,0.872196639658773,"Nifedipine/SRSF7_6776"
"123",5.69187408505431,16.8279699295282,14.7086654017443,1.15883753986045,2.43901634582098,5.33096189990396,5.44545849419024,4.63927910112348,0,6.04261677687486,7.50646034803702,11.6750971801071,2.85197941805887,6.18140367005423,9.38312800671131,7.85046656294009,6.61694227443307,6.52188055364605,4.12271849019845,3.40747130230924,3.26930497686544,3.69958414030857,6.10391221390039,6.02964485755632,17.7103089874927,4.15347344501966,0.567762148530014,0.357891020195834,0.00248322294335574,0.0726315136498432,0.0946153846153846,1,0.00893238125527203,0.448032878881537,"Nifedipine","STAMBP_6819","STAMBP",0.0111289673720564,0.135160979208287,0.169035087719298,1,0.0273386116971632,0.872196639658773,"Nifedipine/STAMBP_6819"
"124",16.443191801268,35.3967643345248,30.9656113720934,2.3176750797209,10.5690708318909,6.39715427988475,19.0591047296658,13.9178373033704,11.7527656388408,15.8618690392965,33.4903615527806,20.8922791644022,14.9728919448091,6.18140367005423,16.6811164563757,17.3831759607959,13.9691003571365,8.69584073819474,8.24543698039691,6.81494260461847,41.6836384550344,23.4306995552876,40.6927480926692,10.8533607436014,17.7103089874927,10.7990309570511,0.392953675722329,0.336947311612945,0.047050842169747,0.0923298878920064,0.113076923076923,1,0.0415800599806648,0.476810425926542,"Nifedipine","TESK1_28302","TESK1",0.105562048588918,0.162888050535176,0.191739130434783,1,0.0921633328798989,0.872196639658773,"Nifedipine/TESK1_28302"
"125",82.8483894602349,83.5595748224848,106.831359233722,39.4004763552553,78.8615285148783,78.8982361185785,81.6818774128536,68.042760149811,61.4760048800905,87.6179432646854,83.1484838551793,90.328383446092,84.1333928327368,59.7535688105242,86.012006728187,77.9439180177624,58.0820488533569,65.2188055364605,37.1044664117861,54.5195408369478,80.0979719332034,91.2564087942781,104.783826338623,77.1794541767208,80.5819058930916,87.2229423454129,0.372294580766097,0.324627483034775,0.061076049645193,0.105653662949188,0.133846153846154,0.333333333333333,0.0562203604390199,0.316742060269876,"Nifedipine","TMEM128_7178","TMEM128",0.12750842710665,0.178986288526674,0.219445438282648,0.89067055393586,0.114794131315022,0.872196639658773,"Nifedipine/TMEM128_7178"
"126",149.253587119202,101.548094402325,106.05721894942,132.107479544091,132.51988812294,150.333125577292,151.565261421628,137.631946666663,143.745364351976,129.1609336057,120.103365568592,125.968153785366,176.109729065135,111.265266060976,158.99189122483,144.112136191115,160.277046202934,108.698009227434,119.558836215755,119.261495580823,125.050915365103,130.718639624236,99.6972328270397,147.123334524374,137.254894653068,138.726013063657,-0.372301926491192,-0.254404460139207,0.0610705443820456,0.209778816598398,0.275384615384615,1,0.0594727484772074,0.387895924995122,"Nifedipine","TUBG1_28348","TUBG1",0.12750842710665,0.309601103723723,0.386804597701149,1,0.119901430913865,0.872196639658773,"Nifedipine/TUBG1_28348"
"127",8.85402635452892,19.1490692301528,16.256945970349,3.47651261958135,9.75606538328392,8.52953903984633,3.63030566279349,3.09285273408232,8.13653005765904,9.81925226242164,11.5484005354416,17.2054063706842,8.55593825417662,6.18140367005423,11.98955245302,8.97196178621725,14.7043161654068,8.69584073819474,16.4908739607938,20.4448278138554,9.80791493059633,9.86555770748952,11.190505725484,6.02964485755632,11.5117008418702,4.98416813402359,0.405398931136776,0.293827911589351,0.0399133446600219,0.145134240033971,0.182307692307692,1,0.0343041819589001,0.508931712341452,"Nifedipine","UBE2A_28216","UBE2A",0.093676262179027,0.231936409749145,0.281051303616484,1,0.0790069347837764,0.872196639658773,"Nifedipine/UBE2A_28216"
"128",530.60915081784,883.178283887651,799.686913684311,381.257550614088,530.07955249176,491.514687171145,411.132116311363,446.917220074895,479.151214506588,539.303547336081,836.681618792742,494.65543315717,539.737104867642,447.121532133923,581.232651526839,599.999944453279,449.952074661449,373.921151742374,445.253596941433,419.118970184036,891.70293244005,637.56166684651,1020.37065842368,543.87396615158,734.09230753157,523.337654072477,0.393930937464443,0.322163517319141,0.0464564030705517,0.108481349354645,0.133846153846154,1,0.0439170571774242,0.478839858475437,"Nifedipine","USP22_7587","USP22",0.104484155617572,0.181927093656966,0.219445438282648,1,0.0960377987590995,0.872196639658773,"Nifedipine/USP22_7587"
"129",10.7513177162137,16.247695104372,20.1276473918607,2.3176750797209,13.8210926263189,11.7281161797887,14.521222651174,6.18570546816463,5.42435337177269,10.574579359531,8.66130040158118,12.9040547780131,7.12994854514718,10.3023394500904,9.38312800671131,16.8224283491573,9.55780550751443,4.34792036909737,8.24543698039691,0,12.2598936632454,7.39916828061714,19.3290553440179,19.2948635441802,16.824793538118,13.2911150240629,0.399891571444512,0.34310722590203,0.0429576605422302,0.0861616482111866,0.113076923076923,0.333333333333333,0.0401864050407807,0.063155940378706,"Nifedipine","WDR7_7716","WDR7",0.098673423275574,0.154989500658592,0.191739130434783,0.89067055393586,0.0899850946503539,0.872196639658773,"Nifedipine/WDR7_7716"
"130",95.4969985381334,77.1765517457672,71.2209061558147,95.024678268557,90.2436047953762,103.420660858137,72.6061132558698,125.260535730334,122.047950864886,89.8839245560135,63.5162029449287,79.8822438638909,111.227197304296,115.386201841012,83.4055822818783,109.906531881161,96.3132708834147,139.133451811116,94.8225252745644,105.631610371586,79.280645688987,90.0232140808419,101.731870231673,90.4446728633447,104.490823026207,95.5298892354522,-0.362529135301768,-0.34310722590203,0.06874140861167,0.0861616482111866,0.113076923076923,0.333333333333333,0.0668278068941958,0.182076898192699,"Nifedipine","ZBTB41_11607","ZBTB41",0.140315146976828,0.154989500658592,0.191739130434783,0.89067055393586,0.131662824183391,0.872196639658773,"Nifedipine/ZBTB41_11607"
